Date_reported,Country_code,Country,WHO_region,New_cases,Cumulative_cases,New_deaths,Cumulative_deaths
2020-01-04,ID,Indonesia,WPR,0.0,0,0.0,0
2020-01-05,ID,Indonesia,WPR,0.0,0,0.0,0
2020-01-06,ID,Indonesia,WPR,0.0,0,0.0,0
2020-01-07,ID,Indonesia,WPR,0.0,0,0.0,0
2020-01-08,ID,Indonesia,WPR,0.0,0,0.0,0
2020-01-09,ID,Indonesia,WPR,0.0,0,0.0,0
2020-01-10,ID,Indonesia,WPR,0.0,0,0.0,0
2020-01-11,ID,Indonesia,WPR,0.0,0,0.0,0
2020-01-12,ID,Indonesia,WPR,0.0,0,0.0,0
2020-01-13,ID,Indonesia,WPR,0.0,0,0.0,0
2020-01-14,ID,Indonesia,WPR,0.0,0,0.0,0
2020-01-15,ID,Indonesia,WPR,0.0,0,0.0,0
2020-01-16,ID,Indonesia,WPR,0.0,0,0.0,0
2020-01-17,ID,Indonesia,WPR,0.0,0,0.0,0
2020-01-18,ID,Indonesia,WPR,0.0,0,0.0,0
2020-01-19,ID,Indonesia,WPR,0.0,0,0.0,0
2020-01-20,ID,Indonesia,WPR,0.0,0,0.0,0
2020-01-21,ID,Indonesia,WPR,0.0,0,0.0,0
2020-01-22,ID,Indonesia,WPR,0.0,0,0.0,0
2020-01-23,ID,Indonesia,WPR,0.0,0,0.0,0
2020-01-24,ID,Indonesia,WPR,0.0,0,0.0,0
2020-01-25,ID,Indonesia,WPR,0.0,0,0.0,0
2020-01-26,ID,Indonesia,WPR,0.0,0,0.0,0
2020-01-27,ID,Indonesia,WPR,0.0,0,0.0,0
2020-01-28,ID,Indonesia,WPR,0.0,0,0.0,0
2020-01-29,ID,Indonesia,WPR,0.0,0,0.0,0
2020-01-30,ID,Indonesia,WPR,0.0,0,0.0,0
2020-01-31,ID,Indonesia,WPR,0.0,0,0.0,0
2020-02-01,ID,Indonesia,WPR,0.0,0,0.0,0
2020-02-02,ID,Indonesia,WPR,0.0,0,0.0,0
2020-02-03,ID,Indonesia,WPR,0.0,0,0.0,0
2020-02-04,ID,Indonesia,WPR,0.0,0,0.0,0
2020-02-05,ID,Indonesia,WPR,0.0,0,0.0,0
2020-02-06,ID,Indonesia,WPR,0.0,0,0.0,0
2020-02-07,ID,Indonesia,WPR,0.0,0,0.0,0
2020-02-08,ID,Indonesia,WPR,0.0,0,0.0,0
2020-02-09,ID,Indonesia,WPR,0.0,0,0.0,0
2020-02-10,ID,Indonesia,WPR,0.0,0,0.0,0
2020-02-11,ID,Indonesia,WPR,0.0,0,0.0,0
2020-02-12,ID,Indonesia,WPR,0.0,0,0.0,0
2020-02-13,ID,Indonesia,WPR,0.0,0,0.0,0
2020-02-14,ID,Indonesia,WPR,0.0,0,0.0,0
2020-02-15,ID,Indonesia,WPR,0.0,0,0.0,0
2020-02-16,ID,Indonesia,WPR,0.0,0,0.0,0
2020-02-17,ID,Indonesia,WPR,0.0,0,0.0,0
2020-02-18,ID,Indonesia,WPR,0.0,0,0.0,0
2020-02-19,ID,Indonesia,WPR,0.0,0,0.0,0
2020-02-20,ID,Indonesia,WPR,0.0,0,0.0,0
2020-02-21,ID,Indonesia,WPR,0.0,0,0.0,0
2020-02-22,ID,Indonesia,WPR,0.0,0,0.0,0
2020-02-23,ID,Indonesia,WPR,0.0,0,0.0,0
2020-02-24,ID,Indonesia,WPR,0.0,0,0.0,0
2020-02-25,ID,Indonesia,WPR,0.0,0,0.0,0
2020-02-26,ID,Indonesia,WPR,0.0,0,0.0,0
2020-02-27,ID,Indonesia,WPR,0.0,0,0.0,0
2020-02-28,ID,Indonesia,WPR,0.0,0,0.0,0
2020-02-29,ID,Indonesia,WPR,0.0,0,0.0,0
2020-03-01,ID,Indonesia,WPR,0.0,0,0.0,0
2020-03-02,ID,Indonesia,WPR,2.0,2,0.0,0
2020-03-03,ID,Indonesia,WPR,0.0,2,0.0,0
2020-03-04,ID,Indonesia,WPR,0.0,2,0.0,0
2020-03-05,ID,Indonesia,WPR,0.0,2,0.0,0
2020-03-06,ID,Indonesia,WPR,0.0,2,0.0,0
2020-03-07,ID,Indonesia,WPR,0.0,2,0.0,0
2020-03-08,ID,Indonesia,WPR,0.0,2,0.0,0
2020-03-09,ID,Indonesia,WPR,4.0,6,0.0,0
2020-03-10,ID,Indonesia,WPR,13.0,19,0.0,0
2020-03-11,ID,Indonesia,WPR,8.0,27,1.0,1
2020-03-12,ID,Indonesia,WPR,7.0,34,0.0,1
2020-03-13,ID,Indonesia,WPR,0.0,34,0.0,1
2020-03-14,ID,Indonesia,WPR,35.0,69,3.0,4
2020-03-15,ID,Indonesia,WPR,48.0,117,0.0,4
2020-03-16,ID,Indonesia,WPR,17.0,134,1.0,5
2020-03-17,ID,Indonesia,WPR,38.0,172,0.0,5
2020-03-18,ID,Indonesia,WPR,55.0,227,14.0,19
2020-03-19,ID,Indonesia,WPR,82.0,309,6.0,25
2020-03-20,ID,Indonesia,WPR,60.0,369,7.0,32
2020-03-21,ID,Indonesia,WPR,81.0,450,6.0,38
2020-03-22,ID,Indonesia,WPR,64.0,514,10.0,48
2020-03-23,ID,Indonesia,WPR,65.0,579,1.0,49
2020-03-24,ID,Indonesia,WPR,107.0,686,6.0,55
2020-03-25,ID,Indonesia,WPR,104.0,790,3.0,58
2020-03-26,ID,Indonesia,WPR,103.0,893,20.0,78
2020-03-27,ID,Indonesia,WPR,153.0,1046,9.0,87
2020-03-28,ID,Indonesia,WPR,109.0,1155,15.0,102
2020-03-29,ID,Indonesia,WPR,130.0,1285,12.0,114
2020-03-30,ID,Indonesia,WPR,129.0,1414,8.0,122
2020-03-31,ID,Indonesia,WPR,114.0,1528,14.0,136
2020-04-01,ID,Indonesia,WPR,149.0,1677,21.0,157
2020-04-02,ID,Indonesia,WPR,113.0,1790,13.0,170
2020-04-03,ID,Indonesia,WPR,196.0,1986,11.0,181
2020-04-04,ID,Indonesia,WPR,106.0,2092,10.0,191
2020-04-05,ID,Indonesia,WPR,181.0,2273,7.0,198
2020-04-06,ID,Indonesia,WPR,218.0,2491,11.0,209
2020-04-07,ID,Indonesia,WPR,247.0,2738,12.0,221
2020-04-08,ID,Indonesia,WPR,218.0,2956,19.0,240
2020-04-09,ID,Indonesia,WPR,337.0,3293,40.0,280
2020-04-10,ID,Indonesia,WPR,219.0,3512,26.0,306
2020-04-11,ID,Indonesia,WPR,330.0,3842,21.0,327
2020-04-12,ID,Indonesia,WPR,399.0,4241,46.0,373
2020-04-13,ID,Indonesia,WPR,316.0,4557,26.0,399
2020-04-14,ID,Indonesia,WPR,282.0,4839,60.0,459
2020-04-15,ID,Indonesia,WPR,297.0,5136,10.0,469
2020-04-16,ID,Indonesia,WPR,380.0,5516,27.0,496
2020-04-17,ID,Indonesia,WPR,407.0,5923,24.0,520
2020-04-18,ID,Indonesia,WPR,325.0,6248,15.0,535
2020-04-19,ID,Indonesia,WPR,327.0,6575,47.0,582
2020-04-20,ID,Indonesia,WPR,185.0,6760,8.0,590
2020-04-21,ID,Indonesia,WPR,375.0,7135,26.0,616
2020-04-22,ID,Indonesia,WPR,283.0,7418,19.0,635
2020-04-23,ID,Indonesia,WPR,357.0,7775,12.0,647
2020-04-24,ID,Indonesia,WPR,436.0,8211,42.0,689
2020-04-25,ID,Indonesia,WPR,396.0,8607,31.0,720
2020-04-26,ID,Indonesia,WPR,275.0,8882,23.0,743
2020-04-27,ID,Indonesia,WPR,214.0,9096,22.0,765
2020-04-28,ID,Indonesia,WPR,415.0,9511,8.0,773
2020-04-29,ID,Indonesia,WPR,260.0,9771,11.0,784
2020-04-30,ID,Indonesia,WPR,347.0,10118,8.0,792
2020-05-01,ID,Indonesia,WPR,433.0,10551,8.0,800
2020-05-02,ID,Indonesia,WPR,292.0,10843,31.0,831
2020-05-03,ID,Indonesia,WPR,349.0,11192,14.0,845
2020-05-04,ID,Indonesia,WPR,395.0,11587,19.0,864
2020-05-05,ID,Indonesia,WPR,484.0,12071,8.0,872
2020-05-06,ID,Indonesia,WPR,367.0,12438,23.0,895
2020-05-07,ID,Indonesia,WPR,338.0,12776,35.0,930
2020-05-08,ID,Indonesia,WPR,336.0,13112,13.0,943
2020-05-09,ID,Indonesia,WPR,533.0,13645,16.0,959
2020-05-10,ID,Indonesia,WPR,387.0,14032,14.0,973
2020-05-11,ID,Indonesia,WPR,233.0,14265,18.0,991
2020-05-12,ID,Indonesia,WPR,484.0,14749,16.0,1007
2020-05-13,ID,Indonesia,WPR,689.0,15438,21.0,1028
2020-05-14,ID,Indonesia,WPR,568.0,16006,15.0,1043
2020-05-15,ID,Indonesia,WPR,490.0,16496,33.0,1076
2020-05-16,ID,Indonesia,WPR,529.0,17025,13.0,1089
2020-05-17,ID,Indonesia,WPR,489.0,17514,59.0,1148
2020-05-18,ID,Indonesia,WPR,496.0,18010,43.0,1191
2020-05-19,ID,Indonesia,WPR,486.0,18496,30.0,1221
2020-05-20,ID,Indonesia,WPR,693.0,19189,21.0,1242
2020-05-21,ID,Indonesia,WPR,973.0,20162,36.0,1278
2020-05-22,ID,Indonesia,WPR,634.0,20796,48.0,1326
2020-05-23,ID,Indonesia,WPR,949.0,21745,25.0,1351
2020-05-24,ID,Indonesia,WPR,526.0,22271,21.0,1372
2020-05-25,ID,Indonesia,WPR,479.0,22750,19.0,1391
2020-05-26,ID,Indonesia,WPR,415.0,23165,27.0,1418
2020-05-27,ID,Indonesia,WPR,686.0,23851,55.0,1473
2020-05-28,ID,Indonesia,WPR,687.0,24538,23.0,1496
2020-05-29,ID,Indonesia,WPR,678.0,25216,24.0,1520
2020-05-30,ID,Indonesia,WPR,557.0,25773,53.0,1573
2020-05-31,ID,Indonesia,WPR,700.0,26473,40.0,1613
2020-06-01,ID,Indonesia,WPR,467.0,26940,28.0,1641
2020-06-02,ID,Indonesia,WPR,609.0,27549,22.0,1663
2020-06-03,ID,Indonesia,WPR,684.0,28233,35.0,1698
2020-06-04,ID,Indonesia,WPR,585.0,28818,23.0,1721
2020-06-05,ID,Indonesia,WPR,703.0,29521,49.0,1770
2020-06-06,ID,Indonesia,WPR,993.0,30514,31.0,1801
2020-06-07,ID,Indonesia,WPR,672.0,31186,50.0,1851
2020-06-08,ID,Indonesia,WPR,847.0,32033,32.0,1883
2020-06-09,ID,Indonesia,WPR,1043.0,33076,40.0,1923
2020-06-10,ID,Indonesia,WPR,1240.0,34316,36.0,1959
2020-06-11,ID,Indonesia,WPR,979.0,35295,41.0,2000
2020-06-12,ID,Indonesia,WPR,1111.0,36406,48.0,2048
2020-06-13,ID,Indonesia,WPR,1014.0,37420,43.0,2091
2020-06-14,ID,Indonesia,WPR,857.0,38277,43.0,2134
2020-06-15,ID,Indonesia,WPR,1017.0,39294,64.0,2198
2020-06-16,ID,Indonesia,WPR,1106.0,40400,33.0,2231
2020-06-17,ID,Indonesia,WPR,1031.0,41431,45.0,2276
2020-06-18,ID,Indonesia,WPR,1331.0,42762,63.0,2339
2020-06-19,ID,Indonesia,WPR,1041.0,43803,34.0,2373
2020-06-20,ID,Indonesia,WPR,1226.0,45029,56.0,2429
2020-06-21,ID,Indonesia,WPR,862.0,45891,36.0,2465
2020-06-22,ID,Indonesia,WPR,954.0,46845,35.0,2500
2020-06-23,ID,Indonesia,WPR,1051.0,47896,35.0,2535
2020-06-24,ID,Indonesia,WPR,1113.0,49009,38.0,2573
2020-06-25,ID,Indonesia,WPR,1178.0,50187,47.0,2620
2020-06-26,ID,Indonesia,WPR,1240.0,51427,63.0,2683
2020-06-27,ID,Indonesia,WPR,1385.0,52812,37.0,2720
2020-06-28,ID,Indonesia,WPR,1198.0,54010,34.0,2754
2020-06-29,ID,Indonesia,WPR,1082.0,55092,51.0,2805
2020-06-30,ID,Indonesia,WPR,1293.0,56385,71.0,2876
2020-07-01,ID,Indonesia,WPR,1385.0,57770,58.0,2934
2020-07-02,ID,Indonesia,WPR,1624.0,59394,53.0,2987
2020-07-03,ID,Indonesia,WPR,1301.0,60695,49.0,3036
2020-07-04,ID,Indonesia,WPR,1447.0,62142,53.0,3089
2020-07-05,ID,Indonesia,WPR,1607.0,63749,82.0,3171
2020-07-06,ID,Indonesia,WPR,1209.0,64958,70.0,3241
2020-07-07,ID,Indonesia,WPR,1268.0,66226,68.0,3309
2020-07-08,ID,Indonesia,WPR,1853.0,68079,50.0,3359
2020-07-09,ID,Indonesia,WPR,2657.0,70736,58.0,3417
2020-07-10,ID,Indonesia,WPR,1611.0,72347,52.0,3469
2020-07-11,ID,Indonesia,WPR,1671.0,74018,66.0,3535
2020-07-12,ID,Indonesia,WPR,1681.0,75699,71.0,3606
2020-07-13,ID,Indonesia,WPR,1282.0,76981,50.0,3656
2020-07-14,ID,Indonesia,WPR,1591.0,78572,54.0,3710
2020-07-15,ID,Indonesia,WPR,1522.0,80094,87.0,3797
2020-07-16,ID,Indonesia,WPR,1574.0,81668,76.0,3873
2020-07-17,ID,Indonesia,WPR,1462.0,83130,84.0,3957
2020-07-18,ID,Indonesia,WPR,1752.0,84882,59.0,4016
2020-07-19,ID,Indonesia,WPR,1639.0,86521,127.0,4143
2020-07-20,ID,Indonesia,WPR,1693.0,88214,96.0,4239
2020-07-21,ID,Indonesia,WPR,1655.0,89869,81.0,4320
2020-07-22,ID,Indonesia,WPR,1882.0,91751,139.0,4459
2020-07-23,ID,Indonesia,WPR,1906.0,93657,117.0,4576
2020-07-24,ID,Indonesia,WPR,1761.0,95418,89.0,4665
2020-07-25,ID,Indonesia,WPR,1868.0,97286,49.0,4714
2020-07-26,ID,Indonesia,WPR,1492.0,98778,67.0,4781
2020-07-27,ID,Indonesia,WPR,1525.0,100303,57.0,4838
2020-07-28,ID,Indonesia,WPR,1748.0,102051,63.0,4901
2020-07-29,ID,Indonesia,WPR,2381.0,104432,74.0,4975
2020-07-30,ID,Indonesia,WPR,1904.0,106336,83.0,5058
2020-07-31,ID,Indonesia,WPR,2040.0,108376,73.0,5131
2020-08-01,ID,Indonesia,WPR,1560.0,109936,62.0,5193
2020-08-02,ID,Indonesia,WPR,1519.0,111455,43.0,5236
2020-08-03,ID,Indonesia,WPR,1679.0,113134,66.0,5302
2020-08-04,ID,Indonesia,WPR,1922.0,115056,86.0,5388
2020-08-05,ID,Indonesia,WPR,1815.0,116871,64.0,5452
2020-08-06,ID,Indonesia,WPR,1882.0,118753,69.0,5521
2020-08-07,ID,Indonesia,WPR,2473.0,121226,72.0,5593
2020-08-08,ID,Indonesia,WPR,2277.0,123503,65.0,5658
2020-08-09,ID,Indonesia,WPR,1893.0,125396,65.0,5723
2020-08-10,ID,Indonesia,WPR,1687.0,127083,42.0,5765
2020-08-11,ID,Indonesia,WPR,1693.0,128776,59.0,5824
2020-08-12,ID,Indonesia,WPR,1942.0,130718,79.0,5903
2020-08-13,ID,Indonesia,WPR,2098.0,132816,65.0,5968
2020-08-14,ID,Indonesia,WPR,2307.0,135123,53.0,6021
2020-08-15,ID,Indonesia,WPR,2345.0,137468,50.0,6071
2020-08-16,ID,Indonesia,WPR,2081.0,139549,79.0,6150
2020-08-17,ID,Indonesia,WPR,1821.0,141370,57.0,6207
2020-08-18,ID,Indonesia,WPR,1673.0,143043,70.0,6277
2020-08-19,ID,Indonesia,WPR,1902.0,144945,69.0,6346
2020-08-20,ID,Indonesia,WPR,2266.0,147211,72.0,6418
2020-08-21,ID,Indonesia,WPR,2197.0,149408,82.0,6500
2020-08-22,ID,Indonesia,WPR,2090.0,151498,94.0,6594
2020-08-23,ID,Indonesia,WPR,2037.0,153535,86.0,6680
2020-08-24,ID,Indonesia,WPR,1877.0,155412,79.0,6759
2020-08-25,ID,Indonesia,WPR,2447.0,157859,99.0,6858
2020-08-26,ID,Indonesia,WPR,2306.0,160165,86.0,6944
2020-08-27,ID,Indonesia,WPR,2719.0,162884,120.0,7064
2020-08-28,ID,Indonesia,WPR,3003.0,165887,105.0,7169
2020-08-29,ID,Indonesia,WPR,3308.0,169195,92.0,7261
2020-08-30,ID,Indonesia,WPR,2858.0,172053,82.0,7343
2020-08-31,ID,Indonesia,WPR,2743.0,174796,74.0,7417
2020-09-01,ID,Indonesia,WPR,2775.0,177571,88.0,7505
2020-09-02,ID,Indonesia,WPR,3075.0,180646,111.0,7616
2020-09-03,ID,Indonesia,WPR,3622.0,184268,134.0,7750
2020-09-04,ID,Indonesia,WPR,3269.0,187537,82.0,7832
2020-09-05,ID,Indonesia,WPR,3128.0,190665,108.0,7940
2020-09-06,ID,Indonesia,WPR,3444.0,194109,85.0,8025
2020-09-07,ID,Indonesia,WPR,2880.0,196989,105.0,8130
2020-09-08,ID,Indonesia,WPR,3046.0,200035,100.0,8230
2020-09-09,ID,Indonesia,WPR,3307.0,203342,106.0,8336
2020-09-10,ID,Indonesia,WPR,3861.0,207203,120.0,8456
2020-09-11,ID,Indonesia,WPR,3737.0,210940,88.0,8544
2020-09-12,ID,Indonesia,WPR,3806.0,214746,106.0,8650
2020-09-13,ID,Indonesia,WPR,3636.0,218382,73.0,8723
2020-09-14,ID,Indonesia,WPR,3141.0,221523,118.0,8841
2020-09-15,ID,Indonesia,WPR,3507.0,225030,124.0,8965
2020-09-16,ID,Indonesia,WPR,3963.0,228993,135.0,9100
2020-09-17,ID,Indonesia,WPR,3635.0,232628,122.0,9222
2020-09-18,ID,Indonesia,WPR,3891.0,236519,114.0,9336
2020-09-19,ID,Indonesia,WPR,4168.0,240687,112.0,9448
2020-09-20,ID,Indonesia,WPR,3989.0,244676,105.0,9553
2020-09-21,ID,Indonesia,WPR,4176.0,248852,124.0,9677
2020-09-22,ID,Indonesia,WPR,4071.0,252923,160.0,9837
2020-09-23,ID,Indonesia,WPR,4465.0,257388,140.0,9977
2020-09-24,ID,Indonesia,WPR,4634.0,262022,128.0,10105
2020-09-25,ID,Indonesia,WPR,4823.0,266845,113.0,10218
2020-09-26,ID,Indonesia,WPR,4494.0,271339,90.0,10308
2020-09-27,ID,Indonesia,WPR,3874.0,275213,78.0,10386
2020-09-28,ID,Indonesia,WPR,3509.0,278722,87.0,10473
2020-09-29,ID,Indonesia,WPR,4002.0,282724,128.0,10601
2020-09-30,ID,Indonesia,WPR,4284.0,287008,139.0,10740
2020-10-01,ID,Indonesia,WPR,4174.0,291182,116.0,10856
2020-10-02,ID,Indonesia,WPR,4317.0,295499,116.0,10972
2020-10-03,ID,Indonesia,WPR,4007.0,299506,83.0,11055
2020-10-04,ID,Indonesia,WPR,3992.0,303498,96.0,11151
2020-10-05,ID,Indonesia,WPR,3622.0,307120,102.0,11253
2020-10-06,ID,Indonesia,WPR,4056.0,311176,121.0,11374
2020-10-07,ID,Indonesia,WPR,4538.0,315714,98.0,11472
2020-10-08,ID,Indonesia,WPR,4850.0,320564,108.0,11580
2020-10-09,ID,Indonesia,WPR,4094.0,324658,87.0,11667
2020-10-10,ID,Indonesia,WPR,4294.0,328952,98.0,11765
2020-10-11,ID,Indonesia,WPR,4497.0,333449,79.0,11844
2020-10-12,ID,Indonesia,WPR,3267.0,336716,91.0,11935
2020-10-13,ID,Indonesia,WPR,3906.0,340622,92.0,12027
2020-10-14,ID,Indonesia,WPR,4127.0,344749,129.0,12156
2020-10-15,ID,Indonesia,WPR,4411.0,349160,112.0,12268
2020-10-16,ID,Indonesia,WPR,4301.0,353461,79.0,12347
2020-10-17,ID,Indonesia,WPR,4301.0,357762,84.0,12431
2020-10-18,ID,Indonesia,WPR,4105.0,361867,80.0,12511
2020-10-19,ID,Indonesia,WPR,3373.0,365240,106.0,12617
2020-10-20,ID,Indonesia,WPR,3602.0,368842,117.0,12734
2020-10-21,ID,Indonesia,WPR,4267.0,373109,123.0,12857
2020-10-22,ID,Indonesia,WPR,4432.0,377541,102.0,12959
2020-10-23,ID,Indonesia,WPR,4369.0,381910,118.0,13077
2020-10-24,ID,Indonesia,WPR,4070.0,385980,128.0,13205
2020-10-25,ID,Indonesia,WPR,3732.0,389712,94.0,13299
2020-10-26,ID,Indonesia,WPR,3222.0,392934,112.0,13411
2020-10-27,ID,Indonesia,WPR,3520.0,396454,101.0,13512
2020-10-28,ID,Indonesia,WPR,4029.0,400483,100.0,13612
2020-10-29,ID,Indonesia,WPR,3565.0,404048,89.0,13701
2020-10-30,ID,Indonesia,WPR,2897.0,406945,81.0,13782
2020-10-31,ID,Indonesia,WPR,3143.0,410088,87.0,13869
2020-11-01,ID,Indonesia,WPR,2696.0,412784,74.0,13943
2020-11-02,ID,Indonesia,WPR,2618.0,415402,101.0,14044
2020-11-03,ID,Indonesia,WPR,2973.0,418375,102.0,14146
2020-11-04,ID,Indonesia,WPR,3356.0,421731,113.0,14259
2020-11-05,ID,Indonesia,WPR,4065.0,425796,89.0,14348
2020-11-06,ID,Indonesia,WPR,3778.0,429574,94.0,14442
2020-11-07,ID,Indonesia,WPR,4262.0,433836,98.0,14540
2020-11-08,ID,Indonesia,WPR,3880.0,437716,74.0,14614
2020-11-09,ID,Indonesia,WPR,2853.0,440569,75.0,14689
2020-11-10,ID,Indonesia,WPR,3779.0,444348,72.0,14761
2020-11-11,ID,Indonesia,WPR,3770.0,448118,75.0,14836
2020-11-12,ID,Indonesia,WPR,4173.0,452291,97.0,14933
2020-11-13,ID,Indonesia,WPR,5444.0,457735,104.0,15037
2020-11-14,ID,Indonesia,WPR,5272.0,463007,111.0,15148
2020-11-15,ID,Indonesia,WPR,4106.0,467113,63.0,15211
2020-11-16,ID,Indonesia,WPR,3535.0,470648,85.0,15296
2020-11-17,ID,Indonesia,WPR,3807.0,474455,97.0,15393
2020-11-18,ID,Indonesia,WPR,4265.0,478720,110.0,15503
2020-11-19,ID,Indonesia,WPR,4798.0,483518,97.0,15600
2020-11-20,ID,Indonesia,WPR,4792.0,488310,78.0,15678
2020-11-21,ID,Indonesia,WPR,4998.0,493308,96.0,15774
2020-11-22,ID,Indonesia,WPR,4360.0,497668,110.0,15884
2020-11-23,ID,Indonesia,WPR,4442.0,502110,118.0,16002
2020-11-24,ID,Indonesia,WPR,4192.0,506302,109.0,16111
2020-11-25,ID,Indonesia,WPR,5534.0,511836,114.0,16225
2020-11-26,ID,Indonesia,WPR,4917.0,516753,127.0,16352
2020-11-27,ID,Indonesia,WPR,5828.0,522581,169.0,16521
2020-11-28,ID,Indonesia,WPR,5418.0,527999,125.0,16646
2020-11-29,ID,Indonesia,WPR,6267.0,534266,169.0,16815
2020-11-30,ID,Indonesia,WPR,4617.0,538883,130.0,16945
2020-12-01,ID,Indonesia,WPR,5092.0,543975,136.0,17081
2020-12-02,ID,Indonesia,WPR,5533.0,549508,118.0,17199
2020-12-03,ID,Indonesia,WPR,8369.0,557877,156.0,17355
2020-12-04,ID,Indonesia,WPR,5803.0,563680,124.0,17479
2020-12-05,ID,Indonesia,WPR,6027.0,569707,110.0,17589
2020-12-06,ID,Indonesia,WPR,6089.0,575796,151.0,17740
2020-12-07,ID,Indonesia,WPR,5754.0,581550,127.0,17867
2020-12-08,ID,Indonesia,WPR,5292.0,586842,133.0,18000
2020-12-09,ID,Indonesia,WPR,6058.0,592900,171.0,18171
2020-12-10,ID,Indonesia,WPR,6033.0,598933,165.0,18336
2020-12-11,ID,Indonesia,WPR,6310.0,605243,175.0,18511
2020-12-12,ID,Indonesia,WPR,6388.0,611631,142.0,18653
2020-12-13,ID,Indonesia,WPR,6189.0,617820,166.0,18819
2020-12-14,ID,Indonesia,WPR,5489.0,623309,137.0,18956
2020-12-15,ID,Indonesia,WPR,6120.0,629429,155.0,19111
2020-12-16,ID,Indonesia,WPR,6725.0,636154,137.0,19248
2020-12-17,ID,Indonesia,WPR,7354.0,643508,142.0,19390
2020-12-18,ID,Indonesia,WPR,6689.0,650197,124.0,19514
2020-12-19,ID,Indonesia,WPR,7751.0,657948,145.0,19659
2020-12-20,ID,Indonesia,WPR,6982.0,664930,221.0,19880
2020-12-21,ID,Indonesia,WPR,6848.0,671778,205.0,20085
2020-12-22,ID,Indonesia,WPR,6347.0,678125,172.0,20257
2020-12-23,ID,Indonesia,WPR,7514.0,685639,151.0,20408
2020-12-24,ID,Indonesia,WPR,7199.0,692838,181.0,20589
2020-12-25,ID,Indonesia,WPR,7259.0,700097,258.0,20847
2020-12-26,ID,Indonesia,WPR,6740.0,706837,147.0,20994
2020-12-27,ID,Indonesia,WPR,6528.0,713365,243.0,21237
2020-12-28,ID,Indonesia,WPR,5854.0,719219,215.0,21452
2020-12-29,ID,Indonesia,WPR,7903.0,727122,251.0,21703
2020-12-30,ID,Indonesia,WPR,8002.0,735124,241.0,21944
2020-12-31,ID,Indonesia,WPR,8074.0,743198,194.0,22138
2021-01-01,ID,Indonesia,WPR,8072.0,751270,191.0,22329
2021-01-02,ID,Indonesia,WPR,7203.0,758473,226.0,22555
2021-01-03,ID,Indonesia,WPR,6877.0,765350,179.0,22734
2021-01-04,ID,Indonesia,WPR,6753.0,772103,177.0,22911
2021-01-05,ID,Indonesia,WPR,7445.0,779548,198.0,23109
2021-01-06,ID,Indonesia,WPR,8854.0,788402,187.0,23296
2021-01-07,ID,Indonesia,WPR,9321.0,797723,224.0,23520
2021-01-08,ID,Indonesia,WPR,10617.0,808340,233.0,23753
2021-01-09,ID,Indonesia,WPR,10046.0,818386,194.0,23947
2021-01-10,ID,Indonesia,WPR,9640.0,828026,182.0,24129
2021-01-11,ID,Indonesia,WPR,8692.0,836718,214.0,24343
2021-01-12,ID,Indonesia,WPR,10047.0,846765,302.0,24645
2021-01-13,ID,Indonesia,WPR,11278.0,858043,306.0,24951
2021-01-14,ID,Indonesia,WPR,11557.0,869600,295.0,25246
2021-01-15,ID,Indonesia,WPR,12818.0,882418,238.0,25484
2021-01-16,ID,Indonesia,WPR,14224.0,896642,283.0,25767
2021-01-17,ID,Indonesia,WPR,11287.0,907929,220.0,25987
2021-01-18,ID,Indonesia,WPR,9086.0,917015,295.0,26282
2021-01-19,ID,Indonesia,WPR,10365.0,927380,308.0,26590
2021-01-20,ID,Indonesia,WPR,12568.0,939948,267.0,26857
2021-01-21,ID,Indonesia,WPR,11703.0,951651,346.0,27203
2021-01-22,ID,Indonesia,WPR,13632.0,965283,250.0,27453
2021-01-23,ID,Indonesia,WPR,12191.0,977474,211.0,27664
2021-01-24,ID,Indonesia,WPR,11788.0,989262,171.0,27835
2021-01-25,ID,Indonesia,WPR,9994.0,999256,297.0,28132
2021-01-26,ID,Indonesia,WPR,13094.0,1012350,336.0,28468
2021-01-27,ID,Indonesia,WPR,11948.0,1024298,387.0,28855
2021-01-28,ID,Indonesia,WPR,13695.0,1037993,476.0,29331
2021-01-29,ID,Indonesia,WPR,13802.0,1051795,187.0,29518
2021-01-30,ID,Indonesia,WPR,14518.0,1066313,210.0,29728
2021-01-31,ID,Indonesia,WPR,12001.0,1078314,270.0,29998
2021-02-01,ID,Indonesia,WPR,10994.0,1089308,279.0,30277
2021-02-02,ID,Indonesia,WPR,10379.0,1099687,304.0,30581
2021-02-03,ID,Indonesia,WPR,11984.0,1111671,189.0,30770
2021-02-04,ID,Indonesia,WPR,11434.0,1123105,231.0,31001
2021-02-05,ID,Indonesia,WPR,11749.0,1134854,201.0,31202
2021-02-06,ID,Indonesia,WPR,12156.0,1147010,191.0,31393
2021-02-07,ID,Indonesia,WPR,10827.0,1157837,163.0,31556
2021-02-08,ID,Indonesia,WPR,8242.0,1166079,207.0,31763
2021-02-09,ID,Indonesia,WPR,8700.0,1174779,213.0,31976
2021-02-10,ID,Indonesia,WPR,8776.0,1183555,191.0,32167
2021-02-11,ID,Indonesia,WPR,8435.0,1191990,214.0,32381
2021-02-12,ID,Indonesia,WPR,9869.0,1201859,275.0,32656
2021-02-13,ID,Indonesia,WPR,8844.0,1210703,280.0,32936
2021-02-14,ID,Indonesia,WPR,6765.0,1217468,247.0,33183
2021-02-15,ID,Indonesia,WPR,6462.0,1223930,184.0,33367
2021-02-16,ID,Indonesia,WPR,10029.0,1233959,229.0,33596
2021-02-17,ID,Indonesia,WPR,9687.0,1243646,192.0,33788
2021-02-18,ID,Indonesia,WPR,9039.0,1252685,181.0,33969
2021-02-19,ID,Indonesia,WPR,10614.0,1263299,183.0,34152
2021-02-20,ID,Indonesia,WPR,8054.0,1271353,164.0,34316
2021-02-21,ID,Indonesia,WPR,7300.0,1278653,173.0,34489
2021-02-22,ID,Indonesia,WPR,10180.0,1288833,202.0,34691
2021-02-23,ID,Indonesia,WPR,9775.0,1298608,323.0,35014
2021-02-24,ID,Indonesia,WPR,7533.0,1306141,240.0,35254
2021-02-25,ID,Indonesia,WPR,8493.0,1314634,264.0,35518
2021-02-26,ID,Indonesia,WPR,8232.0,1322866,268.0,35786
2021-02-27,ID,Indonesia,WPR,6208.0,1329074,195.0,35981
2021-02-28,ID,Indonesia,WPR,5560.0,1334634,185.0,36166
2021-03-01,ID,Indonesia,WPR,6680.0,1341314,159.0,36325
2021-03-02,ID,Indonesia,WPR,5712.0,1347026,193.0,36518
2021-03-03,ID,Indonesia,WPR,6808.0,1353834,203.0,36721
2021-03-04,ID,Indonesia,WPR,7264.0,1361098,176.0,36897
2021-03-05,ID,Indonesia,WPR,6971.0,1368069,129.0,37026
2021-03-06,ID,Indonesia,WPR,5767.0,1373836,128.0,37154
2021-03-07,ID,Indonesia,WPR,5826.0,1379662,112.0,37266
2021-03-08,ID,Indonesia,WPR,6894.0,1386556,281.0,37547
2021-03-09,ID,Indonesia,WPR,6389.0,1392945,210.0,37757
2021-03-10,ID,Indonesia,WPR,5633.0,1398578,175.0,37932
2021-03-11,ID,Indonesia,WPR,5144.0,1403722,117.0,38049
2021-03-12,ID,Indonesia,WPR,6412.0,1410134,180.0,38229
2021-03-13,ID,Indonesia,WPR,4607.0,1414741,100.0,38329
2021-03-14,ID,Indonesia,WPR,4714.0,1419455,97.0,38426
2021-03-15,ID,Indonesia,WPR,5589.0,1425044,147.0,38573
2021-03-16,ID,Indonesia,WPR,5414.0,1430458,180.0,38753
2021-03-17,ID,Indonesia,WPR,6825.0,1437283,162.0,38915
2021-03-18,ID,Indonesia,WPR,6570.0,1443853,227.0,39142
2021-03-19,ID,Indonesia,WPR,6279.0,1450132,197.0,39339
2021-03-20,ID,Indonesia,WPR,5656.0,1455788,108.0,39447
2021-03-21,ID,Indonesia,WPR,4396.0,1460184,103.0,39550
2021-03-22,ID,Indonesia,WPR,5744.0,1465928,161.0,39711
2021-03-23,ID,Indonesia,WPR,5297.0,1471225,154.0,39865
2021-03-24,ID,Indonesia,WPR,5227.0,1476452,118.0,39983
2021-03-25,ID,Indonesia,WPR,6107.0,1482559,98.0,40081
2021-03-26,ID,Indonesia,WPR,4982.0,1487541,85.0,40166
2021-03-27,ID,Indonesia,WPR,4461.0,1492002,198.0,40364
2021-03-28,ID,Indonesia,WPR,4083.0,1496085,85.0,40449
2021-03-29,ID,Indonesia,WPR,5008.0,1501093,132.0,40581
2021-03-30,ID,Indonesia,WPR,4682.0,1505775,173.0,40754
2021-03-31,ID,Indonesia,WPR,5937.0,1511712,104.0,40858
2021-04-01,ID,Indonesia,WPR,6142.0,1517854,196.0,41054
2021-04-02,ID,Indonesia,WPR,5325.0,1523179,97.0,41151
2021-04-03,ID,Indonesia,WPR,4345.0,1527524,91.0,41242
2021-04-04,ID,Indonesia,WPR,6731.0,1534255,427.0,41669
2021-04-05,ID,Indonesia,WPR,3712.0,1537967,146.0,41815
2021-04-06,ID,Indonesia,WPR,4549.0,1542516,162.0,41977
2021-04-07,ID,Indonesia,WPR,4860.0,1547376,87.0,42064
2021-04-08,ID,Indonesia,WPR,5504.0,1552880,163.0,42227
2021-04-09,ID,Indonesia,WPR,5265.0,1558145,121.0,42348
2021-04-10,ID,Indonesia,WPR,4723.0,1562868,95.0,42443
2021-04-11,ID,Indonesia,WPR,4127.0,1566995,87.0,42530
2021-04-12,ID,Indonesia,WPR,4829.0,1571824,126.0,42656
2021-04-13,ID,Indonesia,WPR,5702.0,1577526,126.0,42782
2021-04-14,ID,Indonesia,WPR,5656.0,1583182,124.0,42906
2021-04-15,ID,Indonesia,WPR,6177.0,1589359,167.0,43073
2021-04-16,ID,Indonesia,WPR,5363.0,1594722,123.0,43196
2021-04-17,ID,Indonesia,WPR,5041.0,1599763,132.0,43328
2021-04-18,ID,Indonesia,WPR,4585.0,1604348,96.0,43424
2021-04-19,ID,Indonesia,WPR,4952.0,1609300,143.0,43567
2021-04-20,ID,Indonesia,WPR,5549.0,1614849,210.0,43777
2021-04-21,ID,Indonesia,WPR,5720.0,1620569,230.0,44007
2021-04-22,ID,Indonesia,WPR,6243.0,1626812,165.0,44172
2021-04-23,ID,Indonesia,WPR,5436.0,1632248,174.0,44346
2021-04-24,ID,Indonesia,WPR,4544.0,1636792,154.0,44500
2021-04-25,ID,Indonesia,WPR,4402.0,1641194,94.0,44594
2021-04-26,ID,Indonesia,WPR,5944.0,1647138,177.0,44771
2021-04-27,ID,Indonesia,WPR,4656.0,1651794,168.0,44939
2021-04-28,ID,Indonesia,WPR,5241.0,1657035,177.0,45116
2021-04-29,ID,Indonesia,WPR,5833.0,1662868,218.0,45334
2021-04-30,ID,Indonesia,WPR,5500.0,1668368,187.0,45521
2021-05-01,ID,Indonesia,WPR,4512.0,1672880,131.0,45652
2021-05-02,ID,Indonesia,WPR,4394.0,1677274,144.0,45796
2021-05-03,ID,Indonesia,WPR,4730.0,1682004,153.0,45949
2021-05-04,ID,Indonesia,WPR,4369.0,1686373,188.0,46137
2021-05-05,ID,Indonesia,WPR,5285.0,1691658,212.0,46349
2021-05-06,ID,Indonesia,WPR,5647.0,1697305,147.0,46496
2021-05-07,ID,Indonesia,WPR,6327.0,1703632,167.0,46663
2021-05-08,ID,Indonesia,WPR,6130.0,1709762,179.0,46842
2021-05-09,ID,Indonesia,WPR,3922.0,1713684,170.0,47012
2021-05-10,ID,Indonesia,WPR,4891.0,1718575,206.0,47218
2021-05-11,ID,Indonesia,WPR,5021.0,1723596,247.0,47465
2021-05-12,ID,Indonesia,WPR,4608.0,1728204,152.0,47617
2021-05-13,ID,Indonesia,WPR,3448.0,1731652,99.0,47716
2021-05-14,ID,Indonesia,WPR,2633.0,1734285,107.0,47823
2021-05-15,ID,Indonesia,WPR,2385.0,1736670,144.0,47967
2021-05-16,ID,Indonesia,WPR,3080.0,1739750,126.0,48093
2021-05-17,ID,Indonesia,WPR,4295.0,1744045,212.0,48305
2021-05-18,ID,Indonesia,WPR,4185.0,1748230,172.0,48477
2021-05-19,ID,Indonesia,WPR,4871.0,1753101,192.0,48669
2021-05-20,ID,Indonesia,WPR,5797.0,1758898,218.0,48887
2021-05-21,ID,Indonesia,WPR,5746.0,1764644,186.0,49073
2021-05-22,ID,Indonesia,WPR,5296.0,1769940,132.0,49205
2021-05-23,ID,Indonesia,WPR,5280.0,1775220,123.0,49328
2021-05-24,ID,Indonesia,WPR,5907.0,1781127,127.0,49455
2021-05-25,ID,Indonesia,WPR,5060.0,1786187,172.0,49627
2021-05-26,ID,Indonesia,WPR,5034.0,1791221,144.0,49771
2021-05-27,ID,Indonesia,WPR,6278.0,1797499,136.0,49907
2021-05-28,ID,Indonesia,WPR,5862.0,1803361,193.0,50100
2021-05-29,ID,Indonesia,WPR,6565.0,1809926,162.0,50262
2021-05-30,ID,Indonesia,WPR,6115.0,1816041,142.0,50404
2021-05-31,ID,Indonesia,WPR,5662.0,1821703,174.0,50578
2021-06-01,ID,Indonesia,WPR,4824.0,1826527,145.0,50723
2021-06-02,ID,Indonesia,WPR,5246.0,1831773,185.0,50908
2021-06-03,ID,Indonesia,WPR,5353.0,1837126,187.0,51095
2021-06-04,ID,Indonesia,WPR,6486.0,1843612,201.0,51296
2021-06-05,ID,Indonesia,WPR,6594.0,1850206,153.0,51449
2021-06-06,ID,Indonesia,WPR,5832.0,1856038,163.0,51612
2021-06-07,ID,Indonesia,WPR,6993.0,1863031,191.0,51803
2021-06-08,ID,Indonesia,WPR,6294.0,1869325,189.0,51992
2021-06-09,ID,Indonesia,WPR,7725.0,1877050,170.0,52162
2021-06-10,ID,Indonesia,WPR,8892.0,1885942,211.0,52373
2021-06-11,ID,Indonesia,WPR,8083.0,1894025,193.0,52566
2021-06-12,ID,Indonesia,WPR,7465.0,1901490,164.0,52730
2021-06-13,ID,Indonesia,WPR,9868.0,1911358,149.0,52879
2021-06-14,ID,Indonesia,WPR,8189.0,1919547,237.0,53116
2021-06-15,ID,Indonesia,WPR,8161.0,1927708,164.0,53280
2021-06-16,ID,Indonesia,WPR,9944.0,1937652,196.0,53476
2021-06-17,ID,Indonesia,WPR,12624.0,1950276,277.0,53753
2021-06-18,ID,Indonesia,WPR,12990.0,1963266,290.0,54043
2021-06-19,ID,Indonesia,WPR,12906.0,1976172,248.0,54291
2021-06-20,ID,Indonesia,WPR,13737.0,1989909,371.0,54662
2021-06-21,ID,Indonesia,WPR,14536.0,2004445,294.0,54956
2021-06-22,ID,Indonesia,WPR,13668.0,2018113,335.0,55291
2021-06-23,ID,Indonesia,WPR,15308.0,2033421,303.0,55594
2021-06-24,ID,Indonesia,WPR,20574.0,2053995,355.0,55949
2021-06-25,ID,Indonesia,WPR,18872.0,2072867,422.0,56371
2021-06-26,ID,Indonesia,WPR,21095.0,2093962,358.0,56729
2021-06-27,ID,Indonesia,WPR,21342.0,2115304,409.0,57138
2021-06-28,ID,Indonesia,WPR,20694.0,2135998,423.0,57561
2021-06-29,ID,Indonesia,WPR,20467.0,2156465,463.0,58024
2021-06-30,ID,Indonesia,WPR,21807.0,2178272,467.0,58491
2021-07-01,ID,Indonesia,WPR,24836.0,2203108,504.0,58995
2021-07-02,ID,Indonesia,WPR,25830.0,2228938,539.0,59534
2021-07-03,ID,Indonesia,WPR,27913.0,2256851,493.0,60027
2021-07-04,ID,Indonesia,WPR,27233.0,2284084,555.0,60582
2021-07-05,ID,Indonesia,WPR,29745.0,2313829,558.0,61140
2021-07-06,ID,Indonesia,WPR,31189.0,2345018,728.0,61868
2021-07-07,ID,Indonesia,WPR,34379.0,2379397,1040.0,62908
2021-07-08,ID,Indonesia,WPR,38391.0,2417788,852.0,63760
2021-07-09,ID,Indonesia,WPR,38124.0,2455912,871.0,64631
2021-07-10,ID,Indonesia,WPR,35094.0,2491006,826.0,65457
2021-07-11,ID,Indonesia,WPR,36197.0,2527203,1007.0,66464
2021-07-12,ID,Indonesia,WPR,40427.0,2567630,891.0,67355
2021-07-13,ID,Indonesia,WPR,47899.0,2615529,864.0,68219
2021-07-14,ID,Indonesia,WPR,54517.0,2670046,991.0,69210
2021-07-15,ID,Indonesia,WPR,56757.0,2726803,982.0,70192
2021-07-16,ID,Indonesia,WPR,54000.0,2780803,1205.0,71397
2021-07-17,ID,Indonesia,WPR,51952.0,2832755,1092.0,72489
2021-07-18,ID,Indonesia,WPR,44721.0,2877476,1093.0,73582
2021-07-19,ID,Indonesia,WPR,34257.0,2911733,1338.0,74920
2021-07-20,ID,Indonesia,WPR,38325.0,2950058,1280.0,76200
2021-07-21,ID,Indonesia,WPR,33772.0,2983830,1383.0,77583
2021-07-22,ID,Indonesia,WPR,49509.0,3033339,1449.0,79032
2021-07-23,ID,Indonesia,WPR,49071.0,3082410,1566.0,80598
2021-07-24,ID,Indonesia,WPR,45416.0,3127826,1415.0,82013
2021-07-25,ID,Indonesia,WPR,38679.0,3166505,1266.0,83279
2021-07-26,ID,Indonesia,WPR,28228.0,3194733,1487.0,84766
2021-07-27,ID,Indonesia,WPR,45203.0,3239936,2069.0,86835
2021-07-28,ID,Indonesia,WPR,47791.0,3287727,1824.0,88659
2021-07-29,ID,Indonesia,WPR,43479.0,3331206,1893.0,90552
2021-07-30,ID,Indonesia,WPR,41168.0,3372374,1759.0,92311
2021-07-31,ID,Indonesia,WPR,37284.0,3409658,1808.0,94119
2021-08-01,ID,Indonesia,WPR,30738.0,3440396,1604.0,95723
2021-08-02,ID,Indonesia,WPR,22404.0,3462800,1568.0,97291
2021-08-03,ID,Indonesia,WPR,33900.0,3496700,1598.0,98889
2021-08-04,ID,Indonesia,WPR,35867.0,3532567,1747.0,100636
2021-08-05,ID,Indonesia,WPR,35764.0,3568331,1739.0,102375
2021-08-06,ID,Indonesia,WPR,39532.0,3607863,1635.0,104010
2021-08-07,ID,Indonesia,WPR,31753.0,3639616,1588.0,105598
2021-08-08,ID,Indonesia,WPR,26415.0,3666031,1498.0,107096
2021-08-09,ID,Indonesia,WPR,20709.0,3686740,1475.0,108571
2021-08-10,ID,Indonesia,WPR,32081.0,3718821,2048.0,110619
2021-08-11,ID,Indonesia,WPR,30625.0,3749446,1579.0,112198
2021-08-12,ID,Indonesia,WPR,24709.0,3774155,1466.0,113664
2021-08-13,ID,Indonesia,WPR,30788.0,3804943,1432.0,115096
2021-08-14,ID,Indonesia,WPR,28598.0,3833541,1270.0,116366
2021-08-15,ID,Indonesia,WPR,20813.0,3854354,1222.0,117588
2021-08-16,ID,Indonesia,WPR,17384.0,3871738,1245.0,118833
2021-08-17,ID,Indonesia,WPR,20741.0,3892479,1180.0,120013
2021-08-18,ID,Indonesia,WPR,15768.0,3908247,1128.0,121141
2021-08-19,ID,Indonesia,WPR,22053.0,3930300,1492.0,122633
2021-08-20,ID,Indonesia,WPR,20004.0,3950304,1348.0,123981
2021-08-21,ID,Indonesia,WPR,16744.0,3967048,1361.0,125342
2021-08-22,ID,Indonesia,WPR,12408.0,3979456,1030.0,126372
2021-08-23,ID,Indonesia,WPR,9604.0,3989060,842.0,127214
2021-08-24,ID,Indonesia,WPR,19106.0,4008166,1038.0,128252
2021-08-25,ID,Indonesia,WPR,18671.0,4026837,1041.0,129293
2021-08-26,ID,Indonesia,WPR,16899.0,4043736,889.0,130182
2021-08-27,ID,Indonesia,WPR,12618.0,4056354,599.0,130781
2021-08-28,ID,Indonesia,WPR,10050.0,4066404,591.0,131372
2021-08-29,ID,Indonesia,WPR,7427.0,4073831,551.0,131923
2021-08-30,ID,Indonesia,WPR,5436.0,4079267,568.0,132491
2021-08-31,ID,Indonesia,WPR,10534.0,4089801,532.0,133023
2021-09-01,ID,Indonesia,WPR,10337.0,4100138,653.0,133676
2021-09-02,ID,Indonesia,WPR,8955.0,4109093,680.0,134356
2021-09-03,ID,Indonesia,WPR,7797.0,4116890,574.0,134930
2021-09-04,ID,Indonesia,WPR,6727.0,4123617,539.0,135469
2021-09-05,ID,Indonesia,WPR,5403.0,4129020,392.0,135861
2021-09-06,ID,Indonesia,WPR,4413.0,4133433,612.0,136473
2021-09-07,ID,Indonesia,WPR,7201.0,4140634,683.0,137156
2021-09-08,ID,Indonesia,WPR,6731.0,4147365,626.0,137782
2021-09-09,ID,Indonesia,WPR,5990.0,4153355,334.0,138116
2021-09-10,ID,Indonesia,WPR,5376.0,4158731,315.0,138431
2021-09-11,ID,Indonesia,WPR,5001.0,4163732,270.0,138701
2021-09-12,ID,Indonesia,WPR,3779.0,4167511,188.0,138889
2021-09-13,ID,Indonesia,WPR,2577.0,4170088,276.0,139165
2021-09-14,ID,Indonesia,WPR,4128.0,4174216,250.0,139415
2021-09-15,ID,Indonesia,WPR,3948.0,4178164,267.0,139682
2021-09-16,ID,Indonesia,WPR,3145.0,4181309,237.0,139919
2021-09-17,ID,Indonesia,WPR,3835.0,4185144,219.0,140138
2021-09-18,ID,Indonesia,WPR,3385.0,4188529,185.0,140323
2021-09-19,ID,Indonesia,WPR,2234.0,4190763,145.0,140468
2021-09-20,ID,Indonesia,WPR,1932.0,4192695,166.0,140634
2021-09-21,ID,Indonesia,WPR,3263.0,4195958,171.0,140805
2021-09-22,ID,Indonesia,WPR,2720.0,4198678,149.0,140954
2021-09-23,ID,Indonesia,WPR,2881.0,4201559,160.0,141114
2021-09-24,ID,Indonesia,WPR,2557.0,4204116,144.0,141258
2021-09-25,ID,Indonesia,WPR,2137.0,4206253,123.0,141381
2021-09-26,ID,Indonesia,WPR,1760.0,4208013,86.0,141467
2021-09-27,ID,Indonesia,WPR,1390.0,4209403,118.0,141585
2021-09-28,ID,Indonesia,WPR,2057.0,4211460,124.0,141709
2021-09-29,ID,Indonesia,WPR,1954.0,4213414,117.0,141826
2021-09-30,ID,Indonesia,WPR,1690.0,4215104,113.0,141939
2021-10-01,ID,Indonesia,WPR,1624.0,4216728,87.0,142026
2021-10-02,ID,Indonesia,WPR,1414.0,4218142,89.0,142115
2021-10-03,ID,Indonesia,WPR,1142.0,4219284,58.0,142173
2021-10-04,ID,Indonesia,WPR,922.0,4220206,88.0,142261
2021-10-05,ID,Indonesia,WPR,1404.0,4221610,77.0,142338
2021-10-06,ID,Indonesia,WPR,1484.0,4223094,75.0,142413
2021-10-07,ID,Indonesia,WPR,1393.0,4224487,81.0,142494
2021-10-08,ID,Indonesia,WPR,1384.0,4225871,66.0,142560
2021-10-09,ID,Indonesia,WPR,1167.0,4227038,52.0,142612
2021-10-10,ID,Indonesia,WPR,894.0,4227932,39.0,142651
2021-10-11,ID,Indonesia,WPR,620.0,4228552,65.0,142716
2021-10-12,ID,Indonesia,WPR,1261.0,4229813,47.0,142763
2021-10-13,ID,Indonesia,WPR,1233.0,4231046,48.0,142811
2021-10-14,ID,Indonesia,WPR,1053.0,4232099,37.0,142848
2021-10-15,ID,Indonesia,WPR,915.0,4233014,41.0,142889
2021-10-16,ID,Indonesia,WPR,997.0,4234011,44.0,142933
2021-10-17,ID,Indonesia,WPR,747.0,4234758,19.0,142952
2021-10-18,ID,Indonesia,WPR,626.0,4235384,47.0,142999
2021-10-19,ID,Indonesia,WPR,903.0,4236287,50.0,143049
2021-10-20,ID,Indonesia,WPR,914.0,4237201,28.0,143077
2021-10-21,ID,Indonesia,WPR,633.0,4237834,43.0,143120
2021-10-22,ID,Indonesia,WPR,760.0,4238594,33.0,143153
2021-10-23,ID,Indonesia,WPR,802.0,4239396,23.0,143176
2021-10-24,ID,Indonesia,WPR,623.0,4240019,29.0,143205
2021-10-25,ID,Indonesia,WPR,460.0,4240479,30.0,143235
2021-10-26,ID,Indonesia,WPR,611.0,4241090,35.0,143270
2021-10-27,ID,Indonesia,WPR,719.0,4241809,29.0,143299
2021-10-28,ID,Indonesia,WPR,723.0,4242532,34.0,143333
2021-10-29,ID,Indonesia,WPR,683.0,4243215,28.0,143361
2021-10-30,ID,Indonesia,WPR,620.0,4243835,27.0,143388
2021-10-31,ID,Indonesia,WPR,523.0,4244358,17.0,143405
2021-11-01,ID,Indonesia,WPR,403.0,4244761,18.0,143423
2021-11-02,ID,Indonesia,WPR,612.0,4245373,34.0,143457
2021-11-03,ID,Indonesia,WPR,801.0,4246174,24.0,143481
2021-11-04,ID,Indonesia,WPR,628.0,4246802,19.0,143500
2021-11-05,ID,Indonesia,WPR,518.0,4247320,19.0,143519
2021-11-06,ID,Indonesia,WPR,401.0,4247721,15.0,143534
2021-11-07,ID,Indonesia,WPR,444.0,4248165,11.0,143545
2021-11-08,ID,Indonesia,WPR,244.0,4248409,12.0,143557
2021-11-09,ID,Indonesia,WPR,434.0,4248843,21.0,143578
2021-11-10,ID,Indonesia,WPR,480.0,4249323,14.0,143592
2021-11-11,ID,Indonesia,WPR,435.0,4249758,16.0,143608
2021-11-12,ID,Indonesia,WPR,399.0,4250157,20.0,143628
2021-11-13,ID,Indonesia,WPR,359.0,4250516,16.0,143644
2021-11-14,ID,Indonesia,WPR,339.0,4250855,15.0,143659
2021-11-15,ID,Indonesia,WPR,221.0,4251076,11.0,143670
2021-11-16,ID,Indonesia,WPR,347.0,4251423,15.0,143685
2021-11-17,ID,Indonesia,WPR,522.0,4251945,13.0,143698
2021-11-18,ID,Indonesia,WPR,400.0,4252345,11.0,143709
2021-11-19,ID,Indonesia,WPR,360.0,4252705,5.0,143714
2021-11-20,ID,Indonesia,WPR,393.0,4253098,14.0,143728
2021-11-21,ID,Indonesia,WPR,314.0,4253412,11.0,143739
2021-11-22,ID,Indonesia,WPR,186.0,4253598,5.0,143744
2021-11-23,ID,Indonesia,WPR,394.0,4253992,9.0,143753
2021-11-24,ID,Indonesia,WPR,451.0,4254443,13.0,143766
2021-11-25,ID,Indonesia,WPR,372.0,4254815,16.0,143782
2021-11-26,ID,Indonesia,WPR,453.0,4255268,14.0,143796
2021-11-27,ID,Indonesia,WPR,404.0,4255672,11.0,143807
2021-11-28,ID,Indonesia,WPR,264.0,4255936,1.0,143808
2021-11-29,ID,Indonesia,WPR,176.0,4256112,11.0,143819
2021-11-30,ID,Indonesia,WPR,297.0,4256409,11.0,143830
2021-12-01,ID,Indonesia,WPR,278.0,4256687,10.0,143840
2021-12-02,ID,Indonesia,WPR,311.0,4256998,10.0,143850
2021-12-03,ID,Indonesia,WPR,245.0,4257243,8.0,143858
2021-12-04,ID,Indonesia,WPR,246.0,4257489,5.0,143863
2021-12-05,ID,Indonesia,WPR,196.0,4257685,4.0,143867
2021-12-06,ID,Indonesia,WPR,130.0,4257815,9.0,143876
2021-12-07,ID,Indonesia,WPR,261.0,4258076,17.0,143893
2021-12-08,ID,Indonesia,WPR,264.0,4258340,16.0,143909
2021-12-09,ID,Indonesia,WPR,220.0,4258560,9.0,143918
2021-12-10,ID,Indonesia,WPR,192.0,4258752,5.0,143923
2021-12-11,ID,Indonesia,WPR,228.0,4258980,6.0,143929
2021-12-12,ID,Indonesia,WPR,163.0,4259143,7.0,143936
2021-12-13,ID,Indonesia,WPR,106.0,4259249,12.0,143948
2021-12-14,ID,Indonesia,WPR,190.0,4259439,12.0,143960
2021-12-15,ID,Indonesia,WPR,205.0,4259644,9.0,143969
2021-12-16,ID,Indonesia,WPR,213.0,4259857,10.0,143979
2021-12-17,ID,Indonesia,WPR,291.0,4260148,7.0,143986
2021-12-18,ID,Indonesia,WPR,232.0,4260380,12.0,143998
2021-12-19,ID,Indonesia,WPR,164.0,4260544,4.0,144002
2021-12-20,ID,Indonesia,WPR,133.0,4260677,11.0,144013
2021-12-21,ID,Indonesia,WPR,216.0,4260893,11.0,144024
2021-12-22,ID,Indonesia,WPR,179.0,4261072,10.0,144034
2021-12-23,ID,Indonesia,WPR,136.0,4261208,8.0,144042
2021-12-24,ID,Indonesia,WPR,204.0,4261412,5.0,144047
2021-12-25,ID,Indonesia,WPR,255.0,4261667,6.0,144053
2021-12-26,ID,Indonesia,WPR,92.0,4261759,2.0,144055
2021-12-27,ID,Indonesia,WPR,120.0,4261879,8.0,144063
2021-12-28,ID,Indonesia,WPR,278.0,4262157,8.0,144071
2021-12-29,ID,Indonesia,WPR,194.0,4262351,10.0,144081
2021-12-30,ID,Indonesia,WPR,189.0,4262540,7.0,144088
2021-12-31,ID,Indonesia,WPR,180.0,4262720,6.0,144094
2022-01-01,ID,Indonesia,WPR,274.0,4262994,2.0,144096
2022-01-02,ID,Indonesia,WPR,174.0,4263168,1.0,144097
2022-01-03,ID,Indonesia,WPR,265.0,4263433,5.0,144102
2022-01-04,ID,Indonesia,WPR,299.0,4263732,3.0,144105
2022-01-05,ID,Indonesia,WPR,404.0,4264136,4.0,144109
2022-01-06,ID,Indonesia,WPR,533.0,4264669,7.0,144116
2022-01-07,ID,Indonesia,WPR,518.0,4265187,5.0,144121
2022-01-08,ID,Indonesia,WPR,479.0,4265666,6.0,144127
2022-01-09,ID,Indonesia,WPR,529.0,4266195,2.0,144129
2022-01-10,ID,Indonesia,WPR,454.0,4266649,7.0,144136
2022-01-11,ID,Indonesia,WPR,802.0,4267451,8.0,144144
2022-01-12,ID,Indonesia,WPR,646.0,4268097,6.0,144150
2022-01-13,ID,Indonesia,WPR,793.0,4268890,5.0,144155
2022-01-14,ID,Indonesia,WPR,850.0,4269740,8.0,144163
2022-01-15,ID,Indonesia,WPR,1054.0,4270794,4.0,144167
2022-01-16,ID,Indonesia,WPR,855.0,4271649,3.0,144170
2022-01-17,ID,Indonesia,WPR,772.0,4272421,4.0,144174
2022-01-18,ID,Indonesia,WPR,1362.0,4273783,9.0,144183
2022-01-19,ID,Indonesia,WPR,1745.0,4275528,9.0,144192
2022-01-20,ID,Indonesia,WPR,2116.0,4277644,7.0,144199
2022-01-21,ID,Indonesia,WPR,2604.0,4280248,2.0,144201
2022-01-22,ID,Indonesia,WPR,3205.0,4283453,5.0,144206
2022-01-23,ID,Indonesia,WPR,2925.0,4286378,14.0,144220
2022-01-24,ID,Indonesia,WPR,2927.0,4289305,7.0,144227
2022-01-25,ID,Indonesia,WPR,4878.0,4294183,20.0,144247
2022-01-26,ID,Indonesia,WPR,7010.0,4301193,7.0,144254
2022-01-27,ID,Indonesia,WPR,8077.0,4309270,7.0,144261
2022-01-28,ID,Indonesia,WPR,9905.0,4319175,7.0,144268
2022-01-29,ID,Indonesia,WPR,11588.0,4330763,17.0,144285
2022-01-30,ID,Indonesia,WPR,12422.0,4343185,18.0,144303
2022-01-31,ID,Indonesia,WPR,10185.0,4353370,17.0,144320
2022-02-01,ID,Indonesia,WPR,16021.0,4369391,28.0,144348
2022-02-02,ID,Indonesia,WPR,17895.0,4387286,25.0,144373
2022-02-03,ID,Indonesia,WPR,27197.0,4414483,38.0,144411
2022-02-04,ID,Indonesia,WPR,32211.0,4446694,42.0,144453
2022-02-05,ID,Indonesia,WPR,33729.0,4480423,44.0,144497
2022-02-06,ID,Indonesia,WPR,36057.0,4516480,57.0,144554
2022-02-07,ID,Indonesia,WPR,26121.0,4542601,82.0,144636
2022-02-08,ID,Indonesia,WPR,37492.0,4580093,83.0,144719
2022-02-09,ID,Indonesia,WPR,46843.0,4626936,65.0,144784
2022-02-10,ID,Indonesia,WPR,40618.0,4667554,74.0,144858
2022-02-11,ID,Indonesia,WPR,40489.0,4708043,100.0,144958
2022-02-12,ID,Indonesia,WPR,55209.0,4763252,107.0,145065
2022-02-13,ID,Indonesia,WPR,44526.0,4807778,111.0,145176
2022-02-14,ID,Indonesia,WPR,36501.0,4844279,145.0,145321
2022-02-15,ID,Indonesia,WPR,57049.0,4901328,134.0,145455
2022-02-16,ID,Indonesia,WPR,64718.0,4966046,167.0,145622
2022-02-17,ID,Indonesia,WPR,63956.0,5030002,206.0,145828
2022-02-18,ID,Indonesia,WPR,59635.0,5089637,216.0,146044
2022-02-19,ID,Indonesia,WPR,59384.0,5149021,158.0,146202
2022-02-20,ID,Indonesia,WPR,48484.0,5197505,163.0,146365
2022-02-21,ID,Indonesia,WPR,34418.0,5231923,176.0,146541
2022-02-22,ID,Indonesia,WPR,57491.0,5289414,257.0,146798
2022-02-23,ID,Indonesia,WPR,61488.0,5350902,227.0,147025
2022-02-24,ID,Indonesia,WPR,57426.0,5408328,317.0,147342
2022-02-25,ID,Indonesia,WPR,49447.0,5457775,244.0,147586
2022-02-26,ID,Indonesia,WPR,46643.0,5504418,258.0,147844
2022-02-27,ID,Indonesia,WPR,34976.0,5539394,229.0,148073
2022-02-28,ID,Indonesia,WPR,25054.0,5564448,262.0,148335
2022-03-01,ID,Indonesia,WPR,24728.0,5589176,325.0,148660
2022-03-02,ID,Indonesia,WPR,40920.0,5630096,376.0,149036
2022-03-03,ID,Indonesia,WPR,37259.0,5667355,232.0,149268
2022-03-04,ID,Indonesia,WPR,26347.0,5693702,328.0,149596
2022-03-05,ID,Indonesia,WPR,30156.0,5723858,322.0,149918
2022-03-06,ID,Indonesia,WPR,24867.0,5748725,254.0,150172
2022-03-07,ID,Indonesia,WPR,21380.0,5770105,258.0,150430
2022-03-08,ID,Indonesia,WPR,30148.0,5800253,401.0,150831
2022-03-09,ID,Indonesia,WPR,26336.0,5826589,304.0,151135
2022-03-10,ID,Indonesia,WPR,21311.0,5847900,278.0,151413
2022-03-11,ID,Indonesia,WPR,16110.0,5864010,290.0,151703
2022-03-12,ID,Indonesia,WPR,14900.0,5878910,248.0,151951
2022-03-13,ID,Indonesia,WPR,11585.0,5890495,215.0,152166
2022-03-14,ID,Indonesia,WPR,9629.0,5900124,271.0,152437
2022-03-15,ID,Indonesia,WPR,14408.0,5914532,308.0,152745
2022-03-16,ID,Indonesia,WPR,13018.0,5927550,230.0,152975
2022-03-17,ID,Indonesia,WPR,11532.0,5939082,237.0,153212
2022-03-18,ID,Indonesia,WPR,9528.0,5948610,199.0,153411
2022-03-19,ID,Indonesia,WPR,7951.0,5956561,188.0,153599
2022-03-20,ID,Indonesia,WPR,5922.0,5962483,139.0,153738
2022-03-21,ID,Indonesia,WPR,4699.0,5967182,154.0,153892
2022-03-22,ID,Indonesia,WPR,7464.0,5974646,170.0,154062
2022-03-23,ID,Indonesia,WPR,6376.0,5981022,159.0,154221
2022-03-24,ID,Indonesia,WPR,5808.0,5986830,122.0,154343
2022-03-25,ID,Indonesia,WPR,4857.0,5991687,120.0,154463
2022-03-26,ID,Indonesia,WPR,4189.0,5995876,107.0,154570
2022-03-27,ID,Indonesia,WPR,3077.0,5998953,100.0,154670
2022-03-28,ID,Indonesia,WPR,2798.0,6001751,104.0,154774
2022-03-29,ID,Indonesia,WPR,3895.0,6005646,108.0,154882
2022-03-30,ID,Indonesia,WPR,3840.0,6009486,118.0,155000
2022-03-31,ID,Indonesia,WPR,3332.0,6012818,89.0,155089
2022-04-01,ID,Indonesia,WPR,2930.0,6015748,75.0,155164
2022-04-02,ID,Indonesia,WPR,2300.0,6018048,77.0,155241
2022-04-03,ID,Indonesia,WPR,1933.0,6019981,47.0,155288
2022-04-04,ID,Indonesia,WPR,1661.0,6021642,61.0,155349
2022-04-05,ID,Indonesia,WPR,2282.0,6023924,72.0,155421
2022-04-06,ID,Indonesia,WPR,2400.0,6026324,43.0,155464
2022-04-07,ID,Indonesia,WPR,2089.0,6028413,45.0,155509
2022-04-08,ID,Indonesia,WPR,1755.0,6030168,47.0,155556
2022-04-09,ID,Indonesia,WPR,1468.0,6031636,41.0,155597
2022-04-10,ID,Indonesia,WPR,1071.0,6032707,29.0,155626
2022-04-11,ID,Indonesia,WPR,1196.0,6033903,48.0,155674
2022-04-12,ID,Indonesia,WPR,1455.0,6035358,43.0,155717
2022-04-13,ID,Indonesia,WPR,1551.0,6036909,29.0,155746
2022-04-14,ID,Indonesia,WPR,833.0,6037742,48.0,155794
2022-04-15,ID,Indonesia,WPR,922.0,6038664,26.0,155820
2022-04-16,ID,Indonesia,WPR,602.0,6039266,24.0,155844
2022-04-17,ID,Indonesia,WPR,607.0,6039873,22.0,155866
2022-04-18,ID,Indonesia,WPR,559.0,6040432,37.0,155903
2022-04-19,ID,Indonesia,WPR,837.0,6041269,34.0,155937
2022-04-20,ID,Indonesia,WPR,741.0,6042010,37.0,155974
2022-04-21,ID,Indonesia,WPR,585.0,6042595,41.0,156015
2022-04-22,ID,Indonesia,WPR,651.0,6043246,25.0,156040
2022-04-23,ID,Indonesia,WPR,522.0,6043768,27.0,156067
2022-04-24,ID,Indonesia,WPR,382.0,6044150,33.0,156100
2022-04-25,ID,Indonesia,WPR,317.0,6044467,33.0,156133
2022-04-26,ID,Indonesia,WPR,576.0,6045043,30.0,156163
2022-04-27,ID,Indonesia,WPR,617.0,6045660,36.0,156199
2022-04-28,ID,Indonesia,WPR,412.0,6046072,18.0,156217
2022-04-29,ID,Indonesia,WPR,395.0,6046467,23.0,156240
2022-04-30,ID,Indonesia,WPR,329.0,6046796,17.0,156257
2022-05-01,ID,Indonesia,WPR,244.0,6047040,16.0,156273
2022-05-02,ID,Indonesia,WPR,168.0,6047208,14.0,156287
2022-05-03,ID,Indonesia,WPR,107.0,6047315,18.0,156305
2022-05-04,ID,Indonesia,WPR,176.0,6047491,16.0,156321
2022-05-05,ID,Indonesia,WPR,250.0,6047741,19.0,156340
2022-05-06,ID,Indonesia,WPR,245.0,6047986,17.0,156357
2022-05-07,ID,Indonesia,WPR,218.0,6048204,14.0,156371
2022-05-08,ID,Indonesia,WPR,227.0,6048431,10.0,156381
2022-05-09,ID,Indonesia,WPR,254.0,6048685,15.0,156396
2022-05-10,ID,Indonesia,WPR,456.0,6049141,20.0,156416
2022-05-11,ID,Indonesia,WPR,400.0,6049541,8.0,156424
2022-05-12,ID,Indonesia,WPR,335.0,6049876,14.0,156438
2022-05-13,ID,Indonesia,WPR,335.0,6050211,10.0,156448
2022-05-14,ID,Indonesia,WPR,308.0,6050519,5.0,156453
2022-05-15,ID,Indonesia,WPR,257.0,6050776,5.0,156458
2022-05-16,ID,Indonesia,WPR,182.0,6050958,6.0,156464
2022-05-17,ID,Indonesia,WPR,247.0,6051205,17.0,156481
2022-05-18,ID,Indonesia,WPR,327.0,6051532,17.0,156498
2022-05-19,ID,Indonesia,WPR,318.0,6051850,12.0,156510
2022-05-20,ID,Indonesia,WPR,250.0,6052100,3.0,156513
2022-05-21,ID,Indonesia,WPR,263.0,6052363,6.0,156519
2022-05-22,ID,Indonesia,WPR,227.0,6052590,3.0,156522
2022-05-23,ID,Indonesia,WPR,174.0,6052764,12.0,156534
2022-05-24,ID,Indonesia,WPR,345.0,6053109,14.0,156548
2022-05-25,ID,Indonesia,WPR,315.0,6053424,5.0,156553
2022-05-26,ID,Indonesia,WPR,246.0,6053670,3.0,156556
2022-05-27,ID,Indonesia,WPR,224.0,6053894,9.0,156565
2022-05-28,ID,Indonesia,WPR,279.0,6054173,8.0,156573
2022-05-29,ID,Indonesia,WPR,242.0,6054415,1.0,156574
2022-05-30,ID,Indonesia,WPR,218.0,6054633,12.0,156586
2022-05-31,ID,Indonesia,WPR,340.0,6054973,5.0,156591
2022-06-01,ID,Indonesia,WPR,368.0,6055341,3.0,156594
2022-06-02,ID,Indonesia,WPR,304.0,6055645,6.0,156600
2022-06-03,ID,Indonesia,WPR,372.0,6056017,4.0,156604
2022-06-04,ID,Indonesia,WPR,395.0,6056412,6.0,156610
2022-06-05,ID,Indonesia,WPR,388.0,6056800,5.0,156615
2022-06-06,ID,Indonesia,WPR,342.0,6057142,7.0,156622
2022-06-07,ID,Indonesia,WPR,518.0,6057660,2.0,156624
2022-06-08,ID,Indonesia,WPR,520.0,6058180,4.0,156628
2022-06-09,ID,Indonesia,WPR,556.0,6058736,7.0,156635
2022-06-10,ID,Indonesia,WPR,627.0,6059363,3.0,156638
2022-06-11,ID,Indonesia,WPR,574.0,6059937,3.0,156641
2022-06-12,ID,Indonesia,WPR,551.0,6060488,2.0,156643
2022-06-13,ID,Indonesia,WPR,591.0,6061079,9.0,156652
2022-06-14,ID,Indonesia,WPR,930.0,6062009,10.0,156662
2022-06-15,ID,Indonesia,WPR,1242.0,6063251,8.0,156670
2022-06-16,ID,Indonesia,WPR,1173.0,6064424,3.0,156673
2022-06-17,ID,Indonesia,WPR,1220.0,6065644,6.0,156679
2022-06-18,ID,Indonesia,WPR,1264.0,6066908,5.0,156684
2022-06-19,ID,Indonesia,WPR,1167.0,6068075,3.0,156687
2022-06-20,ID,Indonesia,WPR,1180.0,6069255,8.0,156695
2022-06-21,ID,Indonesia,WPR,1678.0,6070933,5.0,156700
2022-06-22,ID,Indonesia,WPR,1985.0,6072918,2.0,156702
2022-06-23,ID,Indonesia,WPR,1907.0,6074825,4.0,156706
2022-06-24,ID,Indonesia,WPR,2069.0,6076894,5.0,156711
2022-06-25,ID,Indonesia,WPR,1831.0,6078725,3.0,156714
2022-06-26,ID,Indonesia,WPR,1726.0,6080451,3.0,156717
2022-06-27,ID,Indonesia,WPR,1445.0,6081896,9.0,156726
2022-06-28,ID,Indonesia,WPR,2167.0,6084063,2.0,156728
2022-06-29,ID,Indonesia,WPR,2149.0,6086212,3.0,156731
2022-06-30,ID,Indonesia,WPR,2248.0,6088460,6.0,156737
2022-07-01,ID,Indonesia,WPR,2049.0,6090509,3.0,156740
2022-07-02,ID,Indonesia,WPR,1794.0,6092303,5.0,156745
2022-07-03,ID,Indonesia,WPR,1614.0,6093917,4.0,156749
2022-07-04,ID,Indonesia,WPR,1434.0,6095351,9.0,156758
2022-07-05,ID,Indonesia,WPR,2577.0,6097928,8.0,156766
2022-07-06,ID,Indonesia,WPR,2743.0,6100671,4.0,156770
2022-07-07,ID,Indonesia,WPR,2881.0,6103552,6.0,156776
2022-07-08,ID,Indonesia,WPR,2472.0,6106024,5.0,156781
2022-07-09,ID,Indonesia,WPR,2705.0,6108729,4.0,156785
2022-07-10,ID,Indonesia,WPR,2576.0,6111305,6.0,156791
2022-07-11,ID,Indonesia,WPR,1681.0,6112986,7.0,156798
2022-07-12,ID,Indonesia,WPR,3361.0,6116347,8.0,156806
2022-07-13,ID,Indonesia,WPR,3822.0,6120169,12.0,156818
2022-07-14,ID,Indonesia,WPR,3584.0,6123753,9.0,156827
2022-07-15,ID,Indonesia,WPR,3331.0,6127084,6.0,156833
2022-07-16,ID,Indonesia,WPR,4329.0,6131413,6.0,156839
2022-07-17,ID,Indonesia,WPR,3540.0,6134953,10.0,156849
2022-07-18,ID,Indonesia,WPR,3393.0,6138346,10.0,156859
2022-07-19,ID,Indonesia,WPR,5085.0,6143431,6.0,156865
2022-07-20,ID,Indonesia,WPR,5653.0,6149084,10.0,156875
2022-07-21,ID,Indonesia,WPR,5410.0,6154494,5.0,156880
2022-07-22,ID,Indonesia,WPR,4834.0,6159328,13.0,156893
2022-07-23,ID,Indonesia,WPR,4943.0,6164271,9.0,156902
2022-07-24,ID,Indonesia,WPR,4071.0,6168342,0.0,156902
2022-07-25,ID,Indonesia,WPR,4048.0,6172390,14.0,156916
2022-07-26,ID,Indonesia,WPR,6483.0,6178873,13.0,156929
2022-07-27,ID,Indonesia,WPR,6438.0,6185311,11.0,156940
2022-07-28,ID,Indonesia,WPR,6353.0,6191664,17.0,156957
2022-07-29,ID,Indonesia,WPR,5831.0,6197495,13.0,156970
2022-07-30,ID,Indonesia,WPR,5398.0,6202893,13.0,156983
2022-07-31,ID,Indonesia,WPR,4205.0,6207098,10.0,156993
2022-08-01,ID,Indonesia,WPR,3696.0,6210794,11.0,157004
2022-08-02,ID,Indonesia,WPR,5827.0,6216621,24.0,157028
2022-08-03,ID,Indonesia,WPR,6167.0,6222788,18.0,157046
2022-08-04,ID,Indonesia,WPR,6527.0,6229315,14.0,157060
2022-08-05,ID,Indonesia,WPR,5929.0,6235244,12.0,157072
2022-08-06,ID,Indonesia,WPR,5455.0,6240699,10.0,157082
2022-08-07,ID,Indonesia,WPR,4279.0,6244978,13.0,157095
2022-08-08,ID,Indonesia,WPR,4425.0,6249403,18.0,157113
2022-08-09,ID,Indonesia,WPR,6276.0,6255679,18.0,157131
2022-08-10,ID,Indonesia,WPR,5926.0,6261605,18.0,157149
2022-08-11,ID,Indonesia,WPR,5532.0,6267137,22.0,157171
2022-08-12,ID,Indonesia,WPR,6091.0,6273228,18.0,157189
2022-08-13,ID,Indonesia,WPR,5104.0,6278332,19.0,157208
2022-08-14,ID,Indonesia,WPR,4442.0,6282774,18.0,157226
2022-08-15,ID,Indonesia,WPR,3588.0,6286362,26.0,157252
2022-08-16,ID,Indonesia,WPR,5869.0,6292231,25.0,157277
2022-08-17,ID,Indonesia,WPR,5253.0,6297484,19.0,157296
2022-08-18,ID,Indonesia,WPR,4039.0,6301523,21.0,157317
2022-08-19,ID,Indonesia,WPR,5163.0,6306686,26.0,157343
2022-08-20,ID,Indonesia,WPR,4922.0,6311608,22.0,157365
2022-08-21,ID,Indonesia,WPR,3949.0,6315557,12.0,157377
2022-08-22,ID,Indonesia,WPR,3300.0,6318857,19.0,157396
2022-08-23,ID,Indonesia,WPR,4858.0,6323715,24.0,157420
2022-08-24,ID,Indonesia,WPR,5428.0,6329143,18.0,157438
2022-08-25,ID,Indonesia,WPR,5214.0,6334357,19.0,157457
2022-08-26,ID,Indonesia,WPR,4549.0,6338906,21.0,157478
2022-08-27,ID,Indonesia,WPR,4170.0,6343076,15.0,157493
2022-08-28,ID,Indonesia,WPR,3228.0,6346304,7.0,157500
2022-08-29,ID,Indonesia,WPR,2871.0,6349175,21.0,157521
2022-08-30,ID,Indonesia,WPR,5070.0,6354245,20.0,157541
2022-08-31,ID,Indonesia,WPR,4563.0,6358808,25.0,157566
2022-09-01,ID,Indonesia,WPR,4094.0,6362902,25.0,157591
2022-09-02,ID,Indonesia,WPR,3616.0,6366518,17.0,157608
2022-09-03,ID,Indonesia,WPR,3260.0,6369778,23.0,157631
2022-09-04,ID,Indonesia,WPR,2764.0,6372542,16.0,157647
2022-09-05,ID,Indonesia,WPR,2340.0,6374882,21.0,157668
2022-09-06,ID,Indonesia,WPR,3607.0,6378489,28.0,157696
2022-09-07,ID,Indonesia,WPR,3513.0,6382002,21.0,157717
2022-09-08,ID,Indonesia,WPR,3138.0,6385140,12.0,157729
2022-09-09,ID,Indonesia,WPR,2804.0,6387944,12.0,157741
2022-09-10,ID,Indonesia,WPR,2609.0,6390553,16.0,157757
2022-09-11,ID,Indonesia,WPR,1939.0,6392492,13.0,157770
2022-09-12,ID,Indonesia,WPR,1848.0,6394340,17.0,157787
2022-09-13,ID,Indonesia,WPR,2896.0,6397236,20.0,157807
2022-09-14,ID,Indonesia,WPR,2799.0,6400035,21.0,157828
2022-09-15,ID,Indonesia,WPR,2651.0,6402686,21.0,157849
2022-09-16,ID,Indonesia,WPR,2358.0,6405044,27.0,157876
2022-09-17,ID,Indonesia,WPR,2079.0,6407123,8.0,157884
2022-09-18,ID,Indonesia,WPR,1683.0,6408806,8.0,157892
2022-09-19,ID,Indonesia,WPR,1620.0,6410426,23.0,157915
2022-09-20,ID,Indonesia,WPR,2518.0,6412944,15.0,157930
2022-09-21,ID,Indonesia,WPR,2384.0,6415328,18.0,157948
2022-09-22,ID,Indonesia,WPR,2162.0,6417490,18.0,157966
2022-09-23,ID,Indonesia,WPR,1904.0,6419394,20.0,157986
2022-09-24,ID,Indonesia,WPR,1724.0,6421118,12.0,157998
2022-09-25,ID,Indonesia,WPR,1411.0,6422529,16.0,158014
2022-09-26,ID,Indonesia,WPR,1344.0,6423873,22.0,158036
2022-09-27,ID,Indonesia,WPR,1976.0,6425849,21.0,158057
2022-09-28,ID,Indonesia,WPR,1915.0,6427764,19.0,158076
2022-09-29,ID,Indonesia,WPR,2003.0,6429767,17.0,158093
2022-09-30,ID,Indonesia,WPR,1857.0,6431624,19.0,158112
2022-10-01,ID,Indonesia,WPR,1639.0,6433263,10.0,158122
2022-10-02,ID,Indonesia,WPR,1322.0,6434585,10.0,158132
2022-10-03,ID,Indonesia,WPR,1134.0,6435719,11.0,158143
2022-10-04,ID,Indonesia,WPR,1851.0,6437570,13.0,158156
2022-10-05,ID,Indonesia,WPR,1722.0,6439292,9.0,158165
2022-10-06,ID,Indonesia,WPR,1831.0,6441123,12.0,158177
2022-10-07,ID,Indonesia,WPR,1501.0,6442624,15.0,158192
2022-10-08,ID,Indonesia,WPR,0.0,6442624,0.0,158192
2022-10-09,ID,Indonesia,WPR,2324.0,6444948,13.0,158205
2022-10-10,ID,Indonesia,WPR,1195.0,6446143,14.0,158219
2022-10-11,ID,Indonesia,WPR,2077.0,6448220,16.0,158235
2022-10-12,ID,Indonesia,WPR,2028.0,6450248,14.0,158249
2022-10-13,ID,Indonesia,WPR,1830.0,6452078,14.0,158263
2022-10-14,ID,Indonesia,WPR,1786.0,6453864,18.0,158281
2022-10-15,ID,Indonesia,WPR,1678.0,6455542,20.0,158301
2022-10-16,ID,Indonesia,WPR,1326.0,6456868,12.0,158313
2022-10-17,ID,Indonesia,WPR,1233.0,6458101,14.0,158327
2022-10-18,ID,Indonesia,WPR,2164.0,6460265,18.0,158345
2022-10-19,ID,Indonesia,WPR,2390.0,6462655,16.0,158361
2022-10-20,ID,Indonesia,WPR,2307.0,6464962,19.0,158380
2022-10-21,ID,Indonesia,WPR,2227.0,6467189,18.0,158398
2022-10-22,ID,Indonesia,WPR,2087.0,6469276,18.0,158416
2022-10-23,ID,Indonesia,WPR,1685.0,6470961,13.0,158429
2022-10-24,ID,Indonesia,WPR,1703.0,6472664,25.0,158454
2022-10-25,ID,Indonesia,WPR,3008.0,6475672,21.0,158475
2022-10-26,ID,Indonesia,WPR,3048.0,6478720,24.0,158499
2022-10-27,ID,Indonesia,WPR,3029.0,6481749,23.0,158522
2022-10-28,ID,Indonesia,WPR,3015.0,6484764,22.0,158544
2022-10-29,ID,Indonesia,WPR,3141.0,6487905,27.0,158571
2022-10-30,ID,Indonesia,WPR,2717.0,6490622,26.0,158597
2022-10-31,ID,Indonesia,WPR,2457.0,6493079,34.0,158631
2022-11-01,ID,Indonesia,WPR,4707.0,6497786,32.0,158663
2022-11-02,ID,Indonesia,WPR,4873.0,6502659,32.0,158695
2022-11-03,ID,Indonesia,WPR,4951.0,6507610,42.0,158737
2022-11-04,ID,Indonesia,WPR,5303.0,6512913,31.0,158768
2022-11-05,ID,Indonesia,WPR,4717.0,6517630,39.0,158807
2022-11-06,ID,Indonesia,WPR,3662.0,6521292,22.0,158829
2022-11-07,ID,Indonesia,WPR,3828.0,6525120,42.0,158871
2022-11-08,ID,Indonesia,WPR,6601.0,6531721,38.0,158909
2022-11-09,ID,Indonesia,WPR,6186.0,6537907,43.0,158952
2022-11-10,ID,Indonesia,WPR,6294.0,6544201,37.0,158989
2022-11-11,ID,Indonesia,WPR,6247.0,6550448,46.0,159035
2022-11-12,ID,Indonesia,WPR,6179.0,6556627,33.0,159068
2022-11-13,ID,Indonesia,WPR,4877.0,6561504,36.0,159104
2022-11-14,ID,Indonesia,WPR,4408.0,6565912,54.0,159158
2022-11-15,ID,Indonesia,WPR,7893.0,6573805,41.0,159199
2022-11-16,ID,Indonesia,WPR,8486.0,6582291,54.0,159253
2022-11-17,ID,Indonesia,WPR,7822.0,6590113,38.0,159291
2022-11-18,ID,Indonesia,WPR,6699.0,6596812,32.0,159323
2022-11-19,ID,Indonesia,WPR,6383.0,6603195,25.0,159348
2022-11-20,ID,Indonesia,WPR,5172.0,6608367,31.0,159379
2022-11-21,ID,Indonesia,WPR,4306.0,6612673,43.0,159422
2022-11-22,ID,Indonesia,WPR,7644.0,6620317,51.0,159473
2022-11-23,ID,Indonesia,WPR,7221.0,6627538,51.0,159524
2022-11-24,ID,Indonesia,WPR,7110.0,6634648,41.0,159565
2022-11-25,ID,Indonesia,WPR,5976.0,6640624,35.0,159600
2022-11-26,ID,Indonesia,WPR,5469.0,6646093,41.0,159641
2022-11-27,ID,Indonesia,WPR,4151.0,6650244,35.0,159676
2022-11-28,ID,Indonesia,WPR,3225.0,6653469,59.0,159735
2022-11-29,ID,Indonesia,WPR,5766.0,6659235,54.0,159789
2022-11-30,ID,Indonesia,WPR,5609.0,6664844,41.0,159830
2022-12-01,ID,Indonesia,WPR,4977.0,6669821,54.0,159884
2022-12-02,ID,Indonesia,WPR,4179.0,6674000,37.0,159921
2022-12-03,ID,Indonesia,WPR,3655.0,6677655,32.0,159953
2022-12-04,ID,Indonesia,WPR,2548.0,6680203,25.0,159978
2022-12-05,ID,Indonesia,WPR,2234.0,6682437,48.0,160026
2022-12-06,ID,Indonesia,WPR,3744.0,6686181,45.0,160071
2022-12-07,ID,Indonesia,WPR,3351.0,6689532,41.0,160112
2022-12-08,ID,Indonesia,WPR,2977.0,6692509,27.0,160139
2022-12-09,ID,Indonesia,WPR,2501.0,6695010,36.0,160175
2022-12-10,ID,Indonesia,WPR,2191.0,6697201,23.0,160198
2022-12-11,ID,Indonesia,WPR,1589.0,6698790,26.0,160224
2022-12-12,ID,Indonesia,WPR,1225.0,6700015,31.0,160255
2022-12-13,ID,Indonesia,WPR,2117.0,6702132,32.0,160287
2022-12-14,ID,Indonesia,WPR,2136.0,6704268,24.0,160311
2022-12-15,ID,Indonesia,WPR,1785.0,6706053,24.0,160335
2022-12-16,ID,Indonesia,WPR,1451.0,6707504,27.0,160362
2022-12-17,ID,Indonesia,WPR,1233.0,6708737,22.0,160384
2022-12-18,ID,Indonesia,WPR,860.0,6709597,14.0,160398
2022-12-19,ID,Indonesia,WPR,809.0,6710406,26.0,160424
2022-12-20,ID,Indonesia,WPR,1297.0,6711703,27.0,160451
2022-12-21,ID,Indonesia,WPR,1123.0,6712826,15.0,160466
2022-12-22,ID,Indonesia,WPR,1053.0,6713879,22.0,160488
2022-12-23,ID,Indonesia,WPR,923.0,6714802,19.0,160507
2022-12-24,ID,Indonesia,WPR,784.0,6715586,17.0,160524
2022-12-25,ID,Indonesia,WPR,538.0,6716124,13.0,160537
2022-12-26,ID,Indonesia,WPR,468.0,6716592,14.0,160551
2022-12-27,ID,Indonesia,WPR,803.0,6717395,9.0,160560
2022-12-28,ID,Indonesia,WPR,695.0,6718090,14.0,160574
2022-12-29,ID,Indonesia,WPR,685.0,6718775,9.0,160583
2022-12-30,ID,Indonesia,WPR,552.0,6719327,10.0,160593
2022-12-31,ID,Indonesia,WPR,488.0,6719815,19.0,160612
2023-01-01,ID,Indonesia,WPR,366.0,6720181,7.0,160619
2023-01-02,ID,Indonesia,WPR,262.0,6720443,16.0,160635
2023-01-03,ID,Indonesia,WPR,652.0,6721095,13.0,160648
2023-01-04,ID,Indonesia,WPR,597.0,6721692,9.0,160657
2023-01-05,ID,Indonesia,WPR,535.0,6722227,8.0,160665
2023-01-06,ID,Indonesia,WPR,519.0,6722746,8.0,160673
2023-01-07,ID,Indonesia,WPR,455.0,6723201,6.0,160679
2023-01-08,ID,Indonesia,WPR,345.0,6723546,4.0,160683
2023-01-09,ID,Indonesia,WPR,266.0,6723812,11.0,160694
2023-01-10,ID,Indonesia,WPR,469.0,6724281,3.0,160697
2023-01-11,ID,Indonesia,WPR,402.0,6724683,8.0,160705
2023-01-12,ID,Indonesia,WPR,412.0,6725095,6.0,160711
2023-01-13,ID,Indonesia,WPR,363.0,6725458,8.0,160719
2023-01-14,ID,Indonesia,WPR,389.0,6725847,5.0,160724
2023-01-15,ID,Indonesia,WPR,239.0,6726086,3.0,160727
2023-01-16,ID,Indonesia,WPR,225.0,6726311,12.0,160739
2023-01-17,ID,Indonesia,WPR,357.0,6726668,7.0,160746
2023-01-18,ID,Indonesia,WPR,339.0,6727007,10.0,160756
2023-01-19,ID,Indonesia,WPR,310.0,6727317,8.0,160764
2023-01-20,ID,Indonesia,WPR,292.0,6727609,8.0,160772
2023-01-21,ID,Indonesia,WPR,238.0,6727847,5.0,160777
2023-01-22,ID,Indonesia,WPR,218.0,6728065,4.0,160781
2023-01-23,ID,Indonesia,WPR,119.0,6728184,7.0,160788
2023-01-24,ID,Indonesia,WPR,218.0,6728402,5.0,160793
2023-01-25,ID,Indonesia,WPR,274.0,6728676,2.0,160795
2023-01-26,ID,Indonesia,WPR,322.0,6728998,4.0,160799
2023-01-27,ID,Indonesia,WPR,211.0,6729209,2.0,160801
2023-01-28,ID,Indonesia,WPR,199.0,6729408,1.0,160802
2023-01-29,ID,Indonesia,WPR,165.0,6729573,1.0,160803
2023-01-30,ID,Indonesia,WPR,183.0,6729756,7.0,160810
2023-01-31,ID,Indonesia,WPR,260.0,6730016,4.0,160814
2023-02-01,ID,Indonesia,WPR,273.0,6730289,3.0,160817
2023-02-02,ID,Indonesia,WPR,248.0,6730537,5.0,160822
2023-02-03,ID,Indonesia,WPR,241.0,6730778,4.0,160826
2023-02-04,ID,Indonesia,WPR,186.0,6730964,5.0,160831
2023-02-05,ID,Indonesia,WPR,171.0,6731135,1.0,160832
2023-02-06,ID,Indonesia,WPR,169.0,6731304,6.0,160838
2023-02-07,ID,Indonesia,WPR,392.0,6731696,9.0,160847
2023-02-08,ID,Indonesia,WPR,263.0,6731959,5.0,160852
2023-02-09,ID,Indonesia,WPR,220.0,6732179,3.0,160855
2023-02-10,ID,Indonesia,WPR,239.0,6732418,3.0,160858
2023-02-11,ID,Indonesia,WPR,200.0,6732618,2.0,160860
2023-02-12,ID,Indonesia,WPR,181.0,6732799,4.0,160864
2023-02-13,ID,Indonesia,WPR,169.0,6732968,6.0,160870
2023-02-14,ID,Indonesia,WPR,247.0,6733215,3.0,160873
2023-02-15,ID,Indonesia,WPR,263.0,6733478,5.0,160878
2023-02-16,ID,Indonesia,WPR,219.0,6733697,2.0,160880
2023-02-17,ID,Indonesia,WPR,215.0,6733912,4.0,160884
2023-02-18,ID,Indonesia,WPR,190.0,6734102,0.0,160884
2023-02-19,ID,Indonesia,WPR,113.0,6734215,2.0,160886
2023-02-20,ID,Indonesia,WPR,119.0,6734334,2.0,160888
2023-02-21,ID,Indonesia,WPR,272.0,6734606,4.0,160892
2023-02-22,ID,Indonesia,WPR,212.0,6734818,2.0,160894
2023-02-23,ID,Indonesia,WPR,215.0,6735033,3.0,160897
2023-02-24,ID,Indonesia,WPR,236.0,6735269,5.0,160902
2023-02-25,ID,Indonesia,WPR,182.0,6735451,3.0,160905
2023-02-26,ID,Indonesia,WPR,177.0,6735628,3.0,160908
2023-02-27,ID,Indonesia,WPR,152.0,6735780,3.0,160911
2023-02-28,ID,Indonesia,WPR,266.0,6736046,3.0,160914
2023-03-01,ID,Indonesia,WPR,252.0,6736298,2.0,160916
2023-03-02,ID,Indonesia,WPR,278.0,6736576,4.0,160920
2023-03-03,ID,Indonesia,WPR,211.0,6736787,5.0,160925
2023-03-04,ID,Indonesia,WPR,207.0,6736994,3.0,160928
2023-03-05,ID,Indonesia,WPR,165.0,6737159,2.0,160930
2023-03-06,ID,Indonesia,WPR,144.0,6737303,2.0,160932
2023-03-07,ID,Indonesia,WPR,303.0,6737606,2.0,160934
2023-03-08,ID,Indonesia,WPR,312.0,6737918,3.0,160937
2023-03-09,ID,Indonesia,WPR,307.0,6738225,4.0,160941
2023-03-10,ID,Indonesia,WPR,295.0,6738520,3.0,160944
2023-03-11,ID,Indonesia,WPR,324.0,6738844,1.0,160945
2023-03-12,ID,Indonesia,WPR,223.0,6739067,3.0,160948
2023-03-13,ID,Indonesia,WPR,222.0,6739289,2.0,160950
2023-03-14,ID,Indonesia,WPR,380.0,6739669,3.0,160953
2023-03-15,ID,Indonesia,WPR,362.0,6740031,3.0,160956
2023-03-16,ID,Indonesia,WPR,373.0,6740404,7.0,160963
2023-03-17,ID,Indonesia,WPR,323.0,6740727,5.0,160968
2023-03-18,ID,Indonesia,WPR,355.0,6741082,1.0,160969
2023-03-19,ID,Indonesia,WPR,272.0,6741354,2.0,160971
2023-03-20,ID,Indonesia,WPR,234.0,6741588,4.0,160975
2023-03-21,ID,Indonesia,WPR,473.0,6742061,2.0,160977
2023-03-22,ID,Indonesia,WPR,449.0,6742510,5.0,160982
2023-03-23,ID,Indonesia,WPR,304.0,6742814,2.0,160984
2023-03-24,ID,Indonesia,WPR,357.0,6743171,1.0,160985
2023-03-25,ID,Indonesia,WPR,436.0,6743607,9.0,160994
2023-03-26,ID,Indonesia,WPR,426.0,6744033,0.0,160994
2023-03-27,ID,Indonesia,WPR,329.0,6744362,6.0,161000
2023-03-28,ID,Indonesia,WPR,511.0,6744873,5.0,161005
2023-03-29,ID,Indonesia,WPR,580.0,6745453,3.0,161008
2023-03-30,ID,Indonesia,WPR,556.0,6746009,4.0,161012
2023-03-31,ID,Indonesia,WPR,465.0,6746474,8.0,161020
2023-04-01,ID,Indonesia,WPR,486.0,6746960,3.0,161023
2023-04-02,ID,Indonesia,WPR,403.0,6747363,4.0,161027
2023-04-03,ID,Indonesia,WPR,329.0,6747692,3.0,161030
2023-04-04,ID,Indonesia,WPR,616.0,6748308,5.0,161035
2023-04-05,ID,Indonesia,WPR,665.0,6748973,4.0,161039
2023-04-06,ID,Indonesia,WPR,591.0,6749564,5.0,161044
2023-04-07,ID,Indonesia,WPR,619.0,6750183,2.0,161046
2023-04-08,ID,Indonesia,WPR,420.0,6750603,4.0,161050
2023-04-09,ID,Indonesia,WPR,565.0,6751168,2.0,161052
2023-04-10,ID,Indonesia,WPR,494.0,6751662,5.0,161057
2023-04-11,ID,Indonesia,WPR,944.0,6752606,14.0,161071
2023-04-12,ID,Indonesia,WPR,987.0,6753593,11.0,161082
2023-04-13,ID,Indonesia,WPR,990.0,6754583,14.0,161096
2023-04-14,ID,Indonesia,WPR,1017.0,6755600,14.0,161110
2023-04-15,ID,Indonesia,WPR,941.0,6756541,6.0,161116
2023-04-16,ID,Indonesia,WPR,904.0,6757445,7.0,161123
2023-04-17,ID,Indonesia,WPR,725.0,6758170,6.0,161129
2023-04-18,ID,Indonesia,WPR,1343.0,6759513,11.0,161140
2023-04-19,ID,Indonesia,WPR,1242.0,6760755,12.0,161152
2023-04-20,ID,Indonesia,WPR,1145.0,6761900,13.0,161165
2023-04-21,ID,Indonesia,WPR,904.0,6762804,5.0,161170
2023-04-22,ID,Indonesia,WPR,752.0,6763556,6.0,161176
2023-04-23,ID,Indonesia,WPR,384.0,6763940,1.0,161177
2023-04-24,ID,Indonesia,WPR,620.0,6764560,5.0,161182
2023-04-25,ID,Indonesia,WPR,1167.0,6765727,8.0,161190
2023-04-26,ID,Indonesia,WPR,1399.0,6767126,14.0,161204
2023-04-27,ID,Indonesia,WPR,1879.0,6769005,17.0,161221
2023-04-28,ID,Indonesia,WPR,2067.0,6771072,37.0,161258
2023-04-29,ID,Indonesia,WPR,2074.0,6773146,14.0,161272
2023-04-30,ID,Indonesia,WPR,1575.0,6774721,12.0,161284
2023-05-01,ID,Indonesia,WPR,892.0,6775613,16.0,161300
2023-05-02,ID,Indonesia,WPR,1371.0,6776984,27.0,161327
2023-05-03,ID,Indonesia,WPR,2647.0,6779631,25.0,161352
2023-05-04,ID,Indonesia,WPR,2417.0,6782048,32.0,161384
2023-05-05,ID,Indonesia,WPR,2122.0,6784170,20.0,161404
2023-05-06,ID,Indonesia,WPR,1889.0,6786059,35.0,161439
2023-05-07,ID,Indonesia,WPR,1295.0,6787354,20.0,161459
2023-05-08,ID,Indonesia,WPR,1149.0,6788503,21.0,161480
2023-05-09,ID,Indonesia,WPR,2618.0,6791121,21.0,161501
2023-05-10,ID,Indonesia,WPR,1768.0,6792889,25.0,161526
2023-05-11,ID,Indonesia,WPR,861.0,6793750,26.0,161552
2023-05-12,ID,Indonesia,WPR,1471.0,6795221,22.0,161574
2023-05-13,ID,Indonesia,WPR,1245.0,6796466,25.0,161599
2023-05-14,ID,Indonesia,WPR,870.0,6797336,10.0,161609
2023-05-15,ID,Indonesia,WPR,761.0,6798097,21.0,161630
2023-05-16,ID,Indonesia,WPR,639.0,6798736,8.0,161638
2023-05-17,ID,Indonesia,WPR,1024.0,6799760,8.0,161646
2023-05-18,ID,Indonesia,WPR,665.0,6800425,7.0,161653
2023-05-19,ID,Indonesia,WPR,518.0,6800943,5.0,161658
2023-05-20,ID,Indonesia,WPR,672.0,6801615,13.0,161671
2023-05-21,ID,Indonesia,WPR,475.0,6802090,3.0,161674
2023-05-22,ID,Indonesia,WPR,424.0,6802514,9.0,161683
2023-05-23,ID,Indonesia,WPR,990.0,6803504,18.0,161701
2023-05-24,ID,Indonesia,WPR,786.0,6804290,14.0,161715
2023-05-25,ID,Indonesia,WPR,619.0,6804909,6.0,161721
2023-05-26,ID,Indonesia,WPR,594.0,6805503,5.0,161726
2023-05-27,ID,Indonesia,WPR,502.0,6806005,7.0,161733
2023-05-28,ID,Indonesia,WPR,283.0,6806288,6.0,161739
2023-05-29,ID,Indonesia,WPR,256.0,6806544,15.0,161754
2023-05-30,ID,Indonesia,WPR,541.0,6807085,8.0,161762
2023-05-31,ID,Indonesia,WPR,428.0,6807513,9.0,161771
2023-06-01,ID,Indonesia,WPR,365.0,6807878,2.0,161773
2023-06-02,ID,Indonesia,WPR,178.0,6808056,5.0,161778
2023-06-03,ID,Indonesia,WPR,252.0,6808308,2.0,161780
2023-06-04,ID,Indonesia,WPR,229.0,6808537,9.0,161789
2023-06-05,ID,Indonesia,WPR,231.0,6808768,8.0,161797
2023-06-06,ID,Indonesia,WPR,362.0,6809130,7.0,161804
2023-06-07,ID,Indonesia,WPR,247.0,6809377,7.0,161811
2023-06-08,ID,Indonesia,WPR,254.0,6809631,4.0,161815
2023-06-09,ID,Indonesia,WPR,190.0,6809821,5.0,161820
2023-06-10,ID,Indonesia,WPR,187.0,6810008,0.0,161820
2023-06-11,ID,Indonesia,WPR,111.0,6810119,1.0,161821
2023-06-12,ID,Indonesia,WPR,117.0,6810236,5.0,161826
2023-06-13,ID,Indonesia,WPR,181.0,6810417,4.0,161830
2023-06-14,ID,Indonesia,WPR,182.0,6810599,2.0,161832
2023-06-15,ID,Indonesia,WPR,179.0,6810778,4.0,161836
2023-06-16,ID,Indonesia,WPR,165.0,6810943,3.0,161839
2023-06-17,ID,Indonesia,WPR,114.0,6811057,1.0,161840
2023-06-18,ID,Indonesia,WPR,71.0,6811128,4.0,161844
2023-06-19,ID,Indonesia,WPR,73.0,6811201,0.0,161844
2023-06-20,ID,Indonesia,WPR,129.0,6811330,4.0,161848
2023-06-21,ID,Indonesia,WPR,114.0,6811444,5.0,161853
2023-06-22,ID,Indonesia,WPR,84.0,6811528,4.0,161857
2023-06-23,ID,Indonesia,WPR,110.0,6811638,4.0,161861
2023-06-24,ID,Indonesia,WPR,74.0,6811712,2.0,161863
2023-06-25,ID,Indonesia,WPR,68.0,6811780,2.0,161865
2023-06-26,ID,Indonesia,WPR,38.0,6811818,2.0,161867
2023-06-27,ID,Indonesia,WPR,79.0,6811897,3.0,161870
2023-06-28,ID,Indonesia,WPR,48.0,6811945,0.0,161870
2023-06-29,ID,Indonesia,WPR,44.0,6811989,1.0,161871
2023-06-30,ID,Indonesia,WPR,26.0,6812015,1.0,161872
2023-07-01,ID,Indonesia,WPR,36.0,6812051,2.0,161874
2023-07-02,ID,Indonesia,WPR,36.0,6812087,4.0,161878
2023-07-03,ID,Indonesia,WPR,40.0,6812127,1.0,161879
2023-07-04,ID,Indonesia,WPR,60.0,6812187,2.0,161881
2023-07-05,ID,Indonesia,WPR,43.0,6812230,3.0,161884
2023-07-06,ID,Indonesia,WPR,42.0,6812272,0.0,161884
2023-07-07,ID,Indonesia,WPR,41.0,6812313,0.0,161884
2023-07-08,ID,Indonesia,WPR,46.0,6812359,0.0,161884
2023-07-09,ID,Indonesia,WPR,30.0,6812389,0.0,161884
2023-07-10,ID,Indonesia,WPR,29.0,6812418,5.0,161889
2023-07-11,ID,Indonesia,WPR,67.0,6812485,2.0,161891
2023-07-12,ID,Indonesia,WPR,47.0,6812532,1.0,161892
2023-07-13,ID,Indonesia,WPR,43.0,6812575,2.0,161894
2023-07-14,ID,Indonesia,WPR,35.0,6812610,0.0,161894
2023-07-15,ID,Indonesia,WPR,47.0,6812657,0.0,161894
2023-07-16,ID,Indonesia,WPR,13.0,6812670,1.0,161895
2023-07-17,ID,Indonesia,WPR,20.0,6812690,2.0,161897
2023-07-18,ID,Indonesia,WPR,31.0,6812721,3.0,161900
2023-07-19,ID,Indonesia,WPR,15.0,6812736,0.0,161900
2023-07-20,ID,Indonesia,WPR,15.0,6812751,1.0,161901
2023-07-21,ID,Indonesia,WPR,29.0,6812780,0.0,161901
2023-07-22,ID,Indonesia,WPR,30.0,6812810,0.0,161901
2023-07-23,ID,Indonesia,WPR,8.0,6812818,2.0,161903
2023-07-24,ID,Indonesia,WPR,27.0,6812845,2.0,161905
2023-07-25,ID,Indonesia,WPR,26.0,6812871,2.0,161907
2023-07-26,ID,Indonesia,WPR,21.0,6812892,1.0,161908
2023-07-27,ID,Indonesia,WPR,22.0,6812914,1.0,161909
2023-07-28,ID,Indonesia,WPR,12.0,6812926,2.0,161911
2023-07-29,ID,Indonesia,WPR,23.0,6812949,0.0,161911
2023-07-30,ID,Indonesia,WPR,17.0,6812966,3.0,161914
2023-07-31,ID,Indonesia,WPR,21.0,6812987,0.0,161914
2023-08-01,ID,Indonesia,WPR,33.0,6813020,1.0,161915
2023-08-02,ID,Indonesia,WPR,20.0,6813040,0.0,161915
2023-08-03,ID,Indonesia,WPR,12.0,6813052,0.0,161915
2023-08-04,ID,Indonesia,WPR,17.0,6813069,1.0,161916
2023-08-05,ID,Indonesia,WPR,13.0,6813082,0.0,161916
2023-08-06,ID,Indonesia,WPR,13.0,6813095,0.0,161916
2023-08-07,ID,Indonesia,WPR,3.0,6813098,0.0,161916
2023-08-08,ID,Indonesia,WPR,12.0,6813110,0.0,161916
2023-08-09,ID,Indonesia,WPR,16.0,6813126,0.0,161916
2023-08-10,ID,Indonesia,WPR,12.0,6813138,0.0,161916
2023-08-11,ID,Indonesia,WPR,17.0,6813155,0.0,161916
2023-08-12,ID,Indonesia,WPR,7.0,6813162,0.0,161916
2023-08-13,ID,Indonesia,WPR,5.0,6813167,0.0,161916
2023-08-14,ID,Indonesia,WPR,14.0,6813181,0.0,161916
2023-08-15,ID,Indonesia,WPR,18.0,6813199,0.0,161916
2023-08-16,ID,Indonesia,WPR,6.0,6813205,0.0,161916
2023-08-17,ID,Indonesia,WPR,11.0,6813216,0.0,161916
2023-08-18,ID,Indonesia,WPR,4.0,6813220,0.0,161916
2023-08-19,ID,Indonesia,WPR,5.0,6813225,0.0,161916
2023-08-20,ID,Indonesia,WPR,8.0,6813233,0.0,161916
2023-08-21,ID,Indonesia,WPR,3.0,6813236,0.0,161916
2023-08-22,ID,Indonesia,WPR,11.0,6813247,0.0,161916
2023-08-23,ID,Indonesia,WPR,7.0,6813254,0.0,161916
2023-08-24,ID,Indonesia,WPR,8.0,6813262,0.0,161916
2023-08-25,ID,Indonesia,WPR,5.0,6813267,0.0,161916
2023-08-26,ID,Indonesia,WPR,20.0,6813287,2.0,161918
2023-08-27,ID,Indonesia,WPR,14.0,6813301,0.0,161918
2023-08-28,ID,Indonesia,WPR,7.0,6813308,0.0,161918
2023-08-29,ID,Indonesia,WPR,10.0,6813318,0.0,161918
2023-08-30,ID,Indonesia,WPR,5.0,6813323,0.0,161918
2023-08-31,ID,Indonesia,WPR,18.0,6813341,0.0,161918
2023-09-01,ID,Indonesia,WPR,12.0,6813353,0.0,161918
2023-09-02,ID,Indonesia,WPR,11.0,6813364,0.0,161918
2023-09-03,ID,Indonesia,WPR,3.0,6813367,0.0,161918
2023-09-04,ID,Indonesia,WPR,2.0,6813369,0.0,161918
2023-09-05,ID,Indonesia,WPR,2.0,6813371,0.0,161918
2023-09-06,ID,Indonesia,WPR,7.0,6813378,0.0,161918
2023-09-07,ID,Indonesia,WPR,0.0,6813378,0.0,161918
2023-09-08,ID,Indonesia,WPR,0.0,6813378,0.0,161918
2023-09-09,ID,Indonesia,WPR,0.0,6813378,0.0,161918
2023-09-10,ID,Indonesia,WPR,0.0,6813378,0.0,161918
2023-09-11,ID,Indonesia,WPR,0.0,6813378,0.0,161918
2023-09-12,ID,Indonesia,WPR,0.0,6813378,0.0,161918
2023-09-13,ID,Indonesia,WPR,51.0,6813429,0.0,161918
2023-09-14,ID,Indonesia,WPR,0.0,6813429,0.0,161918
2023-09-15,ID,Indonesia,WPR,0.0,6813429,0.0,161918
2023-09-16,ID,Indonesia,WPR,0.0,6813429,0.0,161918
2023-09-17,ID,Indonesia,WPR,0.0,6813429,0.0,161918
2023-09-18,ID,Indonesia,WPR,0.0,6813429,0.0,161918
2023-09-19,ID,Indonesia,WPR,0.0,6813429,0.0,161918
2023-09-20,ID,Indonesia,WPR,0.0,6813429,0.0,161918
2023-09-21,ID,Indonesia,WPR,0.0,6813429,0.0,161918
2023-09-22,ID,Indonesia,WPR,0.0,6813429,0.0,161918
2023-09-23,ID,Indonesia,WPR,0.0,6813429,0.0,161918
2023-09-24,ID,Indonesia,WPR,0.0,6813429,0.0,161918
2023-09-25,ID,Indonesia,WPR,0.0,6813429,0.0,161918
2023-09-26,ID,Indonesia,WPR,0.0,6813429,0.0,161918
2023-09-27,ID,Indonesia,WPR,0.0,6813429,0.0,161918
2023-09-28,ID,Indonesia,WPR,0.0,6813429,0.0,161918
2023-09-29,ID,Indonesia,WPR,0.0,6813429,0.0,161918
2023-09-30,ID,Indonesia,WPR,0.0,6813429,0.0,161918
2023-10-01,ID,Indonesia,WPR,0.0,6813429,0.0,161918
2023-10-02,ID,Indonesia,WPR,0.0,6813429,0.0,161918
2023-10-03,ID,Indonesia,WPR,0.0,6813429,0.0,161918
2023-10-04,ID,Indonesia,WPR,0.0,6813429,0.0,161918
2023-10-05,ID,Indonesia,WPR,0.0,6813429,0.0,161918
2023-10-06,ID,Indonesia,WPR,0.0,6813429,0.0,161918
2023-10-07,ID,Indonesia,WPR,0.0,6813429,0.0,161918
2023-10-08,ID,Indonesia,WPR,0.0,6813429,0.0,161918
2023-10-09,ID,Indonesia,WPR,0.0,6813429,0.0,161918
2023-10-10,ID,Indonesia,WPR,0.0,6813429,0.0,161918
2023-10-11,ID,Indonesia,WPR,0.0,6813429,0.0,161918
2023-10-12,ID,Indonesia,WPR,0.0,6813429,0.0,161918
2023-10-13,ID,Indonesia,WPR,0.0,6813429,0.0,161918
2023-10-14,ID,Indonesia,WPR,0.0,6813429,0.0,161918
2023-10-15,ID,Indonesia,WPR,0.0,6813429,0.0,161918
2023-10-16,ID,Indonesia,WPR,0.0,6813429,0.0,161918
2023-10-17,ID,Indonesia,WPR,0.0,6813429,0.0,161918
2023-10-18,ID,Indonesia,WPR,0.0,6813429,0.0,161918
2023-10-19,ID,Indonesia,WPR,0.0,6813429,0.0,161918
2023-10-20,ID,Indonesia,WPR,0.0,6813429,0.0,161918
2023-10-21,ID,Indonesia,WPR,0.0,6813429,0.0,161918
2023-10-22,ID,Indonesia,WPR,0.0,6813429,0.0,161918
2023-10-23,ID,Indonesia,WPR,0.0,6813429,0.0,161918
2023-10-24,ID,Indonesia,WPR,0.0,6813429,0.0,161918
2023-10-25,ID,Indonesia,WPR,0.0,6813429,0.0,161918
2023-10-26,ID,Indonesia,WPR,0.0,6813429,0.0,161918
2023-10-27,ID,Indonesia,WPR,0.0,6813429,0.0,161918
2023-10-28,ID,Indonesia,WPR,0.0,6813429,0.0,161918
2023-10-29,ID,Indonesia,WPR,0.0,6813429,0.0,161918
2023-10-30,ID,Indonesia,WPR,0.0,6813429,0.0,161918
2023-10-31,ID,Indonesia,WPR,0.0,6813429,0.0,161918
2023-11-01,ID,Indonesia,WPR,0.0,6813429,0.0,161918
2023-11-02,ID,Indonesia,WPR,0.0,6813429,0.0,161918
2023-11-03,ID,Indonesia,WPR,0.0,6813429,0.0,161918
2023-11-04,ID,Indonesia,WPR,0.0,6813429,0.0,161918
2023-11-05,ID,Indonesia,WPR,0.0,6813429,0.0,161918
2023-11-06,ID,Indonesia,WPR,0.0,6813429,0.0,161918
2023-11-07,ID,Indonesia,WPR,0.0,6813429,0.0,161918
2023-11-08,ID,Indonesia,WPR,0.0,6813429,0.0,161918
2023-11-09,ID,Indonesia,WPR,0.0,6813429,0.0,161918
2023-11-10,ID,Indonesia,WPR,0.0,6813429,0.0,161918
2023-11-11,ID,Indonesia,WPR,0.0,6813429,0.0,161918
2023-11-12,ID,Indonesia,WPR,0.0,6813429,0.0,161918
2023-11-13,ID,Indonesia,WPR,0.0,6813429,0.0,161918
2023-11-14,ID,Indonesia,WPR,0.0,6813429,0.0,161918
2023-11-15,ID,Indonesia,WPR,0.0,6813429,0.0,161918
2023-11-16,ID,Indonesia,WPR,0.0,6813429,0.0,161918
2023-11-17,ID,Indonesia,WPR,0.0,6813429,0.0,161918
2023-11-18,ID,Indonesia,WPR,0.0,6813429,0.0,161918
2023-11-19,ID,Indonesia,WPR,0.0,6813429,0.0,161918
2023-11-20,ID,Indonesia,WPR,0.0,6813429,0.0,161918
2023-11-21,ID,Indonesia,WPR,0.0,6813429,0.0,161918
2023-11-22,ID,Indonesia,WPR,0.0,6813429,0.0,161918
2023-11-23,ID,Indonesia,WPR,0.0,6813429,0.0,161918
2023-11-24,ID,Indonesia,WPR,0.0,6813429,0.0,161918
2023-11-25,ID,Indonesia,WPR,0.0,6813429,0.0,161918
2023-11-26,ID,Indonesia,WPR,0.0,6813429,0.0,161918
2023-11-27,ID,Indonesia,WPR,0.0,6813429,0.0,161918
2023-11-28,ID,Indonesia,WPR,0.0,6813429,0.0,161918
2023-11-29,ID,Indonesia,WPR,0.0,6813429,0.0,161918
2023-11-30,ID,Indonesia,WPR,0.0,6813429,0.0,161918
2023-12-01,ID,Indonesia,WPR,0.0,6813429,0.0,161918
2023-12-02,ID,Indonesia,WPR,,6813429,,161918
2023-12-03,ID,Indonesia,WPR,,6813429,,161918
2023-12-04,ID,Indonesia,WPR,,6813429,,161918
2023-12-05,ID,Indonesia,WPR,841.0,6814270,3.0,161921
2023-12-06,ID,Indonesia,WPR,246.0,6814516,,161921
2023-12-07,ID,Indonesia,WPR,,6814516,,161921
2023-12-08,ID,Indonesia,WPR,389.0,6814905,2.0,161923
2023-12-09,ID,Indonesia,WPR,132.0,6815037,,161923
2023-12-10,ID,Indonesia,WPR,119.0,6815156,,161923
2023-12-11,ID,Indonesia,WPR,122.0,6815278,,161923
2023-12-12,ID,Indonesia,WPR,298.0,6815576,2.0,161925
2023-12-13,ID,Indonesia,WPR,,6815576,,161925
2023-12-14,ID,Indonesia,WPR,677.0,6816253,1.0,161926
2023-12-15,ID,Indonesia,WPR,336.0,6816589,2.0,161928
2023-12-16,ID,Indonesia,WPR,349.0,6816938,1.0,161929
2023-12-17,ID,Indonesia,WPR,216.0,6817154,1.0,161930
2023-12-18,ID,Indonesia,WPR,243.0,6817397,2.0,161932
2023-12-19,ID,Indonesia,WPR,453.0,6817850,1.0,161933
2023-12-20,ID,Indonesia,WPR,486.0,6818336,4.0,161937
2023-12-21,ID,Indonesia,WPR,453.0,6818789,9.0,161946
2023-12-22,ID,Indonesia,WPR,402.0,6819191,6.0,161952
2023-12-23,ID,Indonesia,WPR,373.0,6819564,2.0,161954
2023-12-24,ID,Indonesia,WPR,266.0,6819830,,161954
2023-12-25,ID,Indonesia,WPR,171.0,6820001,5.0,161959
2023-12-26,ID,Indonesia,WPR,190.0,6820191,3.0,161962
2023-12-27,ID,Indonesia,WPR,331.0,6820522,2.0,161964
2023-12-28,ID,Indonesia,WPR,404.0,6820926,1.0,161965
2023-12-29,ID,Indonesia,WPR,323.0,6821249,2.0,161967
2023-12-30,ID,Indonesia,WPR,318.0,6821567,2.0,161969
2023-12-31,ID,Indonesia,WPR,203.0,6821770,3.0,161972
2024-01-01,ID,Indonesia,WPR,141.0,6821911,2.0,161974
2024-01-02,ID,Indonesia,WPR,190.0,6822101,3.0,161977
2024-01-03,ID,Indonesia,WPR,404.0,6822505,4.0,161981
2024-01-04,ID,Indonesia,WPR,404.0,6822909,5.0,161986
2024-01-05,ID,Indonesia,WPR,361.0,6823270,2.0,161988
2024-01-06,ID,Indonesia,WPR,266.0,6823536,3.0,161991
2024-01-07,ID,Indonesia,WPR,230.0,6823766,4.0,161995
2024-01-08,ID,Indonesia,WPR,223.0,6823989,6.0,162001
2024-01-09,ID,Indonesia,WPR,331.0,6824320,2.0,162003
2024-01-10,ID,Indonesia,WPR,299.0,6824619,3.0,162006
2024-01-11,ID,Indonesia,WPR,306.0,6824925,5.0,162011
2024-01-12,ID,Indonesia,WPR,245.0,6825170,3.0,162014
2024-01-13,ID,Indonesia,WPR,232.0,6825402,,162014
2024-01-14,ID,Indonesia,WPR,136.0,6825538,1.0,162015
2024-01-15,ID,Indonesia,WPR,153.0,6825691,,162015
2024-01-16,ID,Indonesia,WPR,223.0,6825914,5.0,162020
2024-01-17,ID,Indonesia,WPR,238.0,6826152,3.0,162023
2024-01-18,ID,Indonesia,WPR,238.0,6826390,2.0,162025
2024-01-19,ID,Indonesia,WPR,153.0,6826543,2.0,162027
2024-01-20,ID,Indonesia,WPR,121.0,6826664,5.0,162032
2024-01-21,ID,Indonesia,WPR,86.0,6826750,1.0,162033
2024-01-22,ID,Indonesia,WPR,108.0,6826858,2.0,162035
2024-01-23,ID,Indonesia,WPR,215.0,6827073,1.0,162036
2024-01-24,ID,Indonesia,WPR,151.0,6827224,3.0,162039
2024-01-25,ID,Indonesia,WPR,119.0,6827343,1.0,162040
2024-01-26,ID,Indonesia,WPR,150.0,6827493,3.0,162043
2024-01-27,ID,Indonesia,WPR,106.0,6827599,2.0,162045
2024-01-28,ID,Indonesia,WPR,70.0,6827669,,162045
2024-01-29,ID,Indonesia,WPR,71.0,6827740,2.0,162047
2024-01-30,ID,Indonesia,WPR,121.0,6827861,1.0,162048
2024-01-31,ID,Indonesia,WPR,110.0,6827971,1.0,162049
2024-02-01,ID,Indonesia,WPR,117.0,6828088,3.0,162052
2024-02-02,ID,Indonesia,WPR,65.0,6828153,,162052
2024-02-03,ID,Indonesia,WPR,67.0,6828220,1.0,162053
2024-02-04,ID,Indonesia,WPR,48.0,6828268,1.0,162054
2024-02-05,ID,Indonesia,WPR,,6828268,,162054
2024-02-06,ID,Indonesia,WPR,,6828268,,162054
2024-02-07,ID,Indonesia,WPR,,6828268,,162054
2024-02-08,ID,Indonesia,WPR,,6828268,,162054
2024-02-09,ID,Indonesia,WPR,,6828268,,162054
2024-02-10,ID,Indonesia,WPR,,6828268,,162054
2024-02-11,ID,Indonesia,WPR,58.0,6828326,-4.0,162050
2024-02-12,ID,Indonesia,WPR,,6828326,,162050
2024-02-13,ID,Indonesia,WPR,,6828326,,162050
2024-02-14,ID,Indonesia,WPR,,6828326,,162050
2024-02-15,ID,Indonesia,WPR,,6828326,,162050
2024-02-16,ID,Indonesia,WPR,,6828326,,162050
2024-02-17,ID,Indonesia,WPR,,6828326,,162050
2024-02-18,ID,Indonesia,WPR,,6828326,,162050
2024-02-19,ID,Indonesia,WPR,,6828326,,162050
2024-02-20,ID,Indonesia,WPR,,6828326,,162050
2024-02-21,ID,Indonesia,WPR,,6828326,,162050
2024-02-22,ID,Indonesia,WPR,41.0,6828367,,162050
2024-02-23,ID,Indonesia,WPR,,6828367,,162050
2024-02-24,ID,Indonesia,WPR,,6828367,,162050
2024-02-25,ID,Indonesia,WPR,,6828367,,162050
2024-02-26,ID,Indonesia,WPR,,6828367,,162050
2024-02-27,ID,Indonesia,WPR,,6828367,,162050
2024-02-28,ID,Indonesia,WPR,,6828367,,162050
2024-02-29,ID,Indonesia,WPR,,6828367,,162050
2024-03-01,ID,Indonesia,WPR,359.0,6828726,5.0,162055
2024-03-02,ID,Indonesia,WPR,,6828726,,162055
2024-03-03,ID,Indonesia,WPR,82.0,6828808,,162055
2024-03-04,ID,Indonesia,WPR,,6828808,,162055
2024-03-05,ID,Indonesia,WPR,,6828808,,162055
2024-03-06,ID,Indonesia,WPR,,6828808,,162055
2024-03-07,ID,Indonesia,WPR,,6828808,,162055
2024-03-08,ID,Indonesia,WPR,,6828808,,162055
2024-03-09,ID,Indonesia,WPR,48.0,6828856,1.0,162056
2024-03-10,ID,Indonesia,WPR,,6828856,,162056
2024-03-11,ID,Indonesia,WPR,,6828856,,162056
2024-03-12,ID,Indonesia,WPR,,6828856,,162056
2024-03-13,ID,Indonesia,WPR,,6828856,,162056
2024-03-14,ID,Indonesia,WPR,,6828856,,162056
2024-03-15,ID,Indonesia,WPR,,6828856,,162056
2024-03-16,ID,Indonesia,WPR,28.0,6828884,,162056
2024-03-17,ID,Indonesia,WPR,,6828884,,162056
2024-03-18,ID,Indonesia,WPR,,6828884,,162056
2024-03-19,ID,Indonesia,WPR,,6828884,,162056
2024-03-20,ID,Indonesia,WPR,,6828884,,162056
2024-03-21,ID,Indonesia,WPR,,6828884,,162056
2024-03-22,ID,Indonesia,WPR,30.0,6828914,,162056
2024-03-23,ID,Indonesia,WPR,5.0,6828919,,162056
2024-03-24,ID,Indonesia,WPR,,6828919,,162056
2024-03-25,ID,Indonesia,WPR,,6828919,,162056
2024-03-26,ID,Indonesia,WPR,,6828919,,162056
2024-03-27,ID,Indonesia,WPR,16.0,6828935,,162056
2024-03-28,ID,Indonesia,WPR,3.0,6828938,,162056
2024-03-29,ID,Indonesia,WPR,3.0,6828941,,162056
2024-03-30,ID,Indonesia,WPR,1.0,6828942,,162056
2024-03-31,ID,Indonesia,WPR,,6828942,,162056
2024-04-01,ID,Indonesia,WPR,,6828942,,162056
2024-04-02,ID,Indonesia,WPR,,6828942,,162056
2024-04-03,ID,Indonesia,WPR,,6828942,,162056
2024-04-04,ID,Indonesia,WPR,,6828942,,162056
2024-04-05,ID,Indonesia,WPR,,6828942,,162056
2024-04-06,ID,Indonesia,WPR,,6828942,,162056
2024-04-07,ID,Indonesia,WPR,15.0,6828957,,162056
2024-04-08,ID,Indonesia,WPR,,6828957,,162056
2024-04-09,ID,Indonesia,WPR,5.0,6828962,2.0,162058
2024-04-10,ID,Indonesia,WPR,,6828962,,162058
2024-04-11,ID,Indonesia,WPR,,6828962,,162058
2024-04-12,ID,Indonesia,WPR,1.0,6828963,,162058
2024-04-13,ID,Indonesia,WPR,,6828963,,162058
2024-04-14,ID,Indonesia,WPR,,6828963,,162058
2024-04-15,ID,Indonesia,WPR,,6828963,,162058
2024-04-16,ID,Indonesia,WPR,,6828963,,162058
2024-04-17,ID,Indonesia,WPR,,6828963,,162058
2024-04-18,ID,Indonesia,WPR,,6828963,,162058
2024-04-19,ID,Indonesia,WPR,,6828963,,162058
2024-04-20,ID,Indonesia,WPR,,6828963,,162058
2024-04-21,ID,Indonesia,WPR,6.0,6828969,,162058
2024-04-22,ID,Indonesia,WPR,,6828969,,162058
2024-04-23,ID,Indonesia,WPR,,6828969,,162058
2024-04-24,ID,Indonesia,WPR,,6828969,,162058
2024-04-25,ID,Indonesia,WPR,,6828969,,162058
2024-04-26,ID,Indonesia,WPR,,6828969,,162058
2024-04-27,ID,Indonesia,WPR,,6828969,,162058
2024-04-28,ID,Indonesia,WPR,,6828969,,162058
2024-04-29,ID,Indonesia,WPR,,6828969,,162058
2024-04-30,ID,Indonesia,WPR,,6828969,,162058
2024-05-01,ID,Indonesia,WPR,,6828969,,162058
2024-05-02,ID,Indonesia,WPR,13.0,6828982,,162058
2024-05-03,ID,Indonesia,WPR,,6828982,,162058
2024-05-04,ID,Indonesia,WPR,,6828982,,162058
2024-05-05,ID,Indonesia,WPR,11.0,6828993,,162058
2024-05-06,ID,Indonesia,WPR,,6828993,,162058
2024-05-07,ID,Indonesia,WPR,,6828993,,162058
2024-05-08,ID,Indonesia,WPR,,6828993,,162058
2024-05-09,ID,Indonesia,WPR,14.0,6829007,,162058
2024-05-10,ID,Indonesia,WPR,,6829007,,162058
2024-05-11,ID,Indonesia,WPR,3.0,6829010,,162058
2024-05-12,ID,Indonesia,WPR,,6829010,,162058
2024-05-13,ID,Indonesia,WPR,,6829010,,162058
2024-05-14,ID,Indonesia,WPR,,6829010,,162058
2024-05-15,ID,Indonesia,WPR,,6829010,,162058
2024-05-16,ID,Indonesia,WPR,,6829010,,162058
2024-05-17,ID,Indonesia,WPR,,6829010,,162058
2024-05-18,ID,Indonesia,WPR,,6829010,,162058
2024-05-19,ID,Indonesia,WPR,19.0,6829029,,162058
2024-05-20,ID,Indonesia,WPR,,6829029,,162058
2024-05-21,ID,Indonesia,WPR,,6829029,,162058
2024-05-22,ID,Indonesia,WPR,,6829029,,162058
2024-05-23,ID,Indonesia,WPR,,6829029,,162058
2024-05-24,ID,Indonesia,WPR,,6829029,,162058
2024-05-25,ID,Indonesia,WPR,,6829029,,162058
2024-05-26,ID,Indonesia,WPR,,6829029,,162058
2024-05-27,ID,Indonesia,WPR,,6829029,,162058
2024-05-28,ID,Indonesia,WPR,,6829029,,162058
2024-05-29,ID,Indonesia,WPR,,6829029,,162058
2024-05-30,ID,Indonesia,WPR,,6829029,,162058
2024-05-31,ID,Indonesia,WPR,28.0,6829057,,162058
2024-06-01,ID,Indonesia,WPR,,6829057,,162058
2024-06-02,ID,Indonesia,WPR,,6829057,,162058
2024-06-03,ID,Indonesia,WPR,,6829057,,162058
2024-06-04,ID,Indonesia,WPR,,6829057,,162058
2024-06-05,ID,Indonesia,WPR,,6829057,,162058
2024-06-06,ID,Indonesia,WPR,,6829057,,162058
2024-06-07,ID,Indonesia,WPR,59.0,6829116,,162058
2024-06-08,ID,Indonesia,WPR,4.0,6829120,,162058
2024-06-09,ID,Indonesia,WPR,,6829120,,162058
2024-06-10,ID,Indonesia,WPR,,6829120,,162058
2024-06-11,ID,Indonesia,WPR,,6829120,,162058
2024-06-12,ID,Indonesia,WPR,,6829120,,162058
2024-06-13,ID,Indonesia,WPR,,6829120,,162058
2024-06-14,ID,Indonesia,WPR,,6829120,,162058
2024-06-15,ID,Indonesia,WPR,,6829120,,162058
2024-06-16,ID,Indonesia,WPR,,6829120,,162058
2024-06-17,ID,Indonesia,WPR,,6829120,,162058
2024-06-18,ID,Indonesia,WPR,,6829120,,162058
2024-06-19,ID,Indonesia,WPR,,6829120,,162058
2024-06-20,ID,Indonesia,WPR,,6829120,,162058
2024-06-21,ID,Indonesia,WPR,,6829120,,162058
2024-06-22,ID,Indonesia,WPR,,6829120,,162058
2024-06-23,ID,Indonesia,WPR,,6829120,,162058
2024-06-24,ID,Indonesia,WPR,,6829120,,162058
2024-06-25,ID,Indonesia,WPR,,6829120,,162058
2024-06-26,ID,Indonesia,WPR,,6829120,,162058
2024-06-27,ID,Indonesia,WPR,86.0,6829206,,162058
2024-06-28,ID,Indonesia,WPR,5.0,6829211,,162058
2024-06-29,ID,Indonesia,WPR,8.0,6829219,,162058
2024-06-30,ID,Indonesia,WPR,,6829219,,162058
2024-07-01,ID,Indonesia,WPR,,6829219,,162058
2024-07-02,ID,Indonesia,WPR,,6829219,,162058
2024-07-03,ID,Indonesia,WPR,,6829219,,162058
2024-07-04,ID,Indonesia,WPR,,6829219,,162058
2024-07-05,ID,Indonesia,WPR,,6829219,,162058
2024-07-06,ID,Indonesia,WPR,,6829219,,162058
2024-07-07,ID,Indonesia,WPR,41.0,6829260,,162058
2024-07-08,ID,Indonesia,WPR,,6829260,,162058
2024-07-09,ID,Indonesia,WPR,,6829260,,162058
2024-07-10,ID,Indonesia,WPR,23.0,6829283,,162058
2024-07-11,ID,Indonesia,WPR,9.0,6829292,,162058
2024-07-12,ID,Indonesia,WPR,6.0,6829298,,162058
2024-07-13,ID,Indonesia,WPR,7.0,6829305,1.0,162059
2024-07-14,ID,Indonesia,WPR,,6829305,,162059
2024-07-15,ID,Indonesia,WPR,,6829305,,162059
2024-07-16,ID,Indonesia,WPR,,6829305,,162059
2024-07-17,ID,Indonesia,WPR,,6829305,,162059
2024-07-18,ID,Indonesia,WPR,34.0,6829339,,162059
2024-07-19,ID,Indonesia,WPR,12.0,6829351,,162059
2024-07-20,ID,Indonesia,WPR,2.0,6829353,,162059
2024-07-21,ID,Indonesia,WPR,,6829353,,162059
2024-07-22,ID,Indonesia,WPR,,6829353,,162059
2024-07-23,ID,Indonesia,WPR,,6829353,,162059
2024-07-24,ID,Indonesia,WPR,,6829353,,162059
2024-07-25,ID,Indonesia,WPR,,6829353,,162059
2024-07-26,ID,Indonesia,WPR,,6829353,,162059
2024-07-27,ID,Indonesia,WPR,,6829353,,162059
2024-07-28,ID,Indonesia,WPR,,6829353,,162059
2024-07-29,ID,Indonesia,WPR,46.0,6829399,,162059
2024-07-30,ID,Indonesia,WPR,,6829399,,162059
2024-07-31,ID,Indonesia,WPR,,6829399,,162059
2024-08-01,ID,Indonesia,WPR,,6829399,,162059
2024-08-02,ID,Indonesia,WPR,,6829399,,162059
2024-08-03,ID,Indonesia,WPR,,6829399,,162059
2024-08-04,ID,Indonesia,WPR,,6829399,,162059
2024-08-05,ID,Indonesia,WPR,,6829399,,162059
2024-08-06,ID,Indonesia,WPR,,6829399,,162059
2024-08-07,ID,Indonesia,WPR,,6829399,,162059
2024-08-08,ID,Indonesia,WPR,,6829399,,162059
2024-08-09,ID,Indonesia,WPR,,6829399,,162059
2024-08-10,ID,Indonesia,WPR,90.0,6829489,,162059
2024-08-11,ID,Indonesia,WPR,2.0,6829491,,162059
2024-08-12,ID,Indonesia,WPR,,6829491,,162059
2024-08-13,ID,Indonesia,WPR,15.0,6829506,,162059
2024-08-14,ID,Indonesia,WPR,1.0,6829507,,162059
2024-08-15,ID,Indonesia,WPR,3.0,6829510,,162059
2024-08-16,ID,Indonesia,WPR,3.0,6829513,,162059
2024-08-17,ID,Indonesia,WPR,2.0,6829515,,162059
2024-08-18,ID,Indonesia,WPR,,6829515,,162059
2024-08-19,ID,Indonesia,WPR,,6829515,,162059
2024-08-20,ID,Indonesia,WPR,,6829515,,162059
2024-08-21,ID,Indonesia,WPR,,6829515,,162059
2024-08-22,ID,Indonesia,WPR,11.0,6829526,,162059
2024-08-23,ID,Indonesia,WPR,1.0,6829527,,162059
2024-08-24,ID,Indonesia,WPR,1.0,6829528,,162059
2024-08-25,ID,Indonesia,WPR,,6829528,,162059
2024-08-26,ID,Indonesia,WPR,,6829528,,162059
2024-08-27,ID,Indonesia,WPR,,6829528,,162059
2024-08-28,ID,Indonesia,WPR,,6829528,,162059
2024-08-29,ID,Indonesia,WPR,18.0,6829546,,162059
2024-08-30,ID,Indonesia,WPR,,6829546,,162059
2024-08-31,ID,Indonesia,WPR,3.0,6829549,,162059
2024-09-01,ID,Indonesia,WPR,,6829549,,162059
2024-09-02,ID,Indonesia,WPR,,6829549,,162059
2024-09-03,ID,Indonesia,WPR,,6829549,,162059
2024-09-04,ID,Indonesia,WPR,,6829549,,162059
2024-09-05,ID,Indonesia,WPR,,6829549,,162059
2024-09-06,ID,Indonesia,WPR,,6829549,,162059
2024-09-07,ID,Indonesia,WPR,,6829549,,162059
2024-09-08,ID,Indonesia,WPR,,6829549,,162059
2024-09-09,ID,Indonesia,WPR,,6829549,,162059
2024-09-10,ID,Indonesia,WPR,17.0,6829566,,162059
2024-09-11,ID,Indonesia,WPR,,6829566,,162059
2024-09-12,ID,Indonesia,WPR,,6829566,,162059
2024-09-13,ID,Indonesia,WPR,,6829566,,162059
2024-09-14,ID,Indonesia,WPR,10.0,6829576,,162059
2024-09-15,ID,Indonesia,WPR,,6829576,,162059
2024-09-16,ID,Indonesia,WPR,,6829576,,162059
2024-09-17,ID,Indonesia,WPR,,6829576,,162059
2024-09-18,ID,Indonesia,WPR,,6829576,,162059
2024-09-19,ID,Indonesia,WPR,,6829576,,162059
2024-09-20,ID,Indonesia,WPR,,6829576,,162059
2024-09-21,ID,Indonesia,WPR,,6829576,,162059
2024-09-22,ID,Indonesia,WPR,,6829576,,162059
2024-09-23,ID,Indonesia,WPR,,6829576,,162059
2024-09-24,ID,Indonesia,WPR,25.0,6829601,,162059
2024-09-25,ID,Indonesia,WPR,2.0,6829603,,162059
2024-09-26,ID,Indonesia,WPR,2.0,6829605,,162059
2024-09-27,ID,Indonesia,WPR,4.0,6829609,,162059
2024-09-28,ID,Indonesia,WPR,1.0,6829610,,162059
2024-09-29,ID,Indonesia,WPR,,6829610,,162059
2024-09-30,ID,Indonesia,WPR,2.0,6829612,,162059
2024-10-01,ID,Indonesia,WPR,2.0,6829614,,162059
2024-10-02,ID,Indonesia,WPR,5.0,6829619,,162059
2024-10-03,ID,Indonesia,WPR,,6829619,,162059
2024-10-04,ID,Indonesia,WPR,2.0,6829621,,162059
2024-10-05,ID,Indonesia,WPR,3.0,6829624,,162059
2024-10-06,ID,Indonesia,WPR,,6829624,,162059
2024-10-07,ID,Indonesia,WPR,,6829624,,162059
2024-10-08,ID,Indonesia,WPR,,6829624,,162059
2024-10-09,ID,Indonesia,WPR,,6829624,,162059
2024-10-10,ID,Indonesia,WPR,,6829624,,162059
2024-10-11,ID,Indonesia,WPR,,6829624,,162059
2024-10-12,ID,Indonesia,WPR,,6829624,,162059
2024-10-13,ID,Indonesia,WPR,,6829624,,162059
2024-10-14,ID,Indonesia,WPR,22.0,6829646,,162059
2024-10-15,ID,Indonesia,WPR,2.0,6829648,,162059
2024-10-16,ID,Indonesia,WPR,7.0,6829655,,162059
2024-10-17,ID,Indonesia,WPR,1.0,6829656,,162059
2024-10-18,ID,Indonesia,WPR,4.0,6829660,,162059
2024-10-19,ID,Indonesia,WPR,4.0,6829664,,162059
2024-10-20,ID,Indonesia,WPR,4.0,6829668,,162059
2024-10-21,ID,Indonesia,WPR,5.0,6829673,,162059
2024-10-22,ID,Indonesia,WPR,7.0,6829680,,162059
2024-10-23,ID,Indonesia,WPR,5.0,6829685,,162059
2024-10-24,ID,Indonesia,WPR,10.0,6829695,,162059
2024-10-25,ID,Indonesia,WPR,7.0,6829702,,162059
2024-10-26,ID,Indonesia,WPR,2.0,6829704,,162059
2024-10-27,ID,Indonesia,WPR,,6829704,,162059
2024-10-28,ID,Indonesia,WPR,,6829704,,162059
2024-10-29,ID,Indonesia,WPR,,6829704,,162059
2024-10-30,ID,Indonesia,WPR,,6829704,,162059
2024-10-31,ID,Indonesia,WPR,44.0,6829748,,162059
2024-11-01,ID,Indonesia,WPR,4.0,6829752,,162059
2024-11-02,ID,Indonesia,WPR,7.0,6829759,,162059
2024-11-03,ID,Indonesia,WPR,,6829759,,162059
2024-11-04,ID,Indonesia,WPR,,6829759,,162059
2024-11-05,ID,Indonesia,WPR,9.0,6829768,,162059
2024-11-06,ID,Indonesia,WPR,6.0,6829774,,162059
2024-11-07,ID,Indonesia,WPR,4.0,6829778,,162059
2024-11-08,ID,Indonesia,WPR,6.0,6829784,,162059
2024-11-09,ID,Indonesia,WPR,5.0,6829789,,162059
2024-11-10,ID,Indonesia,WPR,,6829789,,162059
2024-11-11,ID,Indonesia,WPR,11.0,6829800,,162059
2024-11-12,ID,Indonesia,WPR,8.0,6829808,,162059
2024-11-13,ID,Indonesia,WPR,9.0,6829817,,162059
2024-11-14,ID,Indonesia,WPR,6.0,6829823,,162059
2024-11-15,ID,Indonesia,WPR,5.0,6829828,,162059
2024-11-16,ID,Indonesia,WPR,8.0,6829836,,162059
2024-11-17,ID,Indonesia,WPR,,6829836,,162059
2024-11-18,ID,Indonesia,WPR,,6829836,,162059
2024-11-19,ID,Indonesia,WPR,13.0,6829849,,162059
2024-11-20,ID,Indonesia,WPR,10.0,6829859,,162059
2024-11-21,ID,Indonesia,WPR,8.0,6829867,,162059
2024-11-22,ID,Indonesia,WPR,5.0,6829872,,162059
2024-11-23,ID,Indonesia,WPR,12.0,6829884,,162059
2024-11-24,ID,Indonesia,WPR,1.0,6829885,,162059
2024-11-25,ID,Indonesia,WPR,3.0,6829888,,162059
2024-11-26,ID,Indonesia,WPR,8.0,6829896,,162059
2024-11-27,ID,Indonesia,WPR,8.0,6829904,,162059
2024-11-28,ID,Indonesia,WPR,2.0,6829906,,162059
2024-11-29,ID,Indonesia,WPR,6.0,6829912,,162059
2024-11-30,ID,Indonesia,WPR,4.0,6829916,,162059
2024-12-01,ID,Indonesia,WPR,4.0,6829920,,162059
2024-12-02,ID,Indonesia,WPR,6.0,6829926,,162059
2024-12-03,ID,Indonesia,WPR,11.0,6829937,,162059
2024-12-04,ID,Indonesia,WPR,9.0,6829946,,162059
2024-12-05,ID,Indonesia,WPR,3.0,6829949,,162059
2024-12-06,ID,Indonesia,WPR,9.0,6829958,,162059
2024-12-07,ID,Indonesia,WPR,9.0,6829967,,162059
2024-12-08,ID,Indonesia,WPR,5.0,6829972,,162059
2024-12-09,ID,Indonesia,WPR,1.0,6829973,,162059
2024-12-10,ID,Indonesia,WPR,11.0,6829984,,162059
2024-12-11,ID,Indonesia,WPR,27.0,6830011,,162059
2024-12-12,ID,Indonesia,WPR,8.0,6830019,,162059
2024-12-13,ID,Indonesia,WPR,5.0,6830024,,162059
2024-12-14,ID,Indonesia,WPR,9.0,6830033,,162059
2024-12-15,ID,Indonesia,WPR,7.0,6830040,,162059
2024-12-16,ID,Indonesia,WPR,6.0,6830046,,162059
2024-12-17,ID,Indonesia,WPR,16.0,6830062,,162059
2024-12-18,ID,Indonesia,WPR,6.0,6830068,,162059
2024-12-19,ID,Indonesia,WPR,6.0,6830074,,162059
2024-12-20,ID,Indonesia,WPR,5.0,6830079,,162059
2024-12-21,ID,Indonesia,WPR,2.0,6830081,,162059
2024-12-22,ID,Indonesia,WPR,3.0,6830084,,162059
2024-12-23,ID,Indonesia,WPR,5.0,6830089,,162059
2024-12-24,ID,Indonesia,WPR,4.0,6830093,,162059
2024-12-25,ID,Indonesia,WPR,2.0,6830095,,162059
2024-12-26,ID,Indonesia,WPR,1.0,6830096,,162059
2024-12-27,ID,Indonesia,WPR,7.0,6830103,,162059
2024-12-28,ID,Indonesia,WPR,4.0,6830107,,162059
2024-12-29,ID,Indonesia,WPR,2.0,6830109,,162059
2024-12-30,ID,Indonesia,WPR,2.0,6830111,,162059
2024-12-31,ID,Indonesia,WPR,7.0,6830118,,162059
2025-01-01,ID,Indonesia,WPR,2.0,6830120,,162059
2025-01-02,ID,Indonesia,WPR,2.0,6830122,,162059
2025-01-03,ID,Indonesia,WPR,9.0,6830131,,162059
2025-01-04,ID,Indonesia,WPR,3.0,6830134,,162059
2025-01-05,ID,Indonesia,WPR,1.0,6830135,,162059
2025-01-06,ID,Indonesia,WPR,3.0,6830138,,162059
2025-01-07,ID,Indonesia,WPR,4.0,6830142,,162059
2025-01-08,ID,Indonesia,WPR,4.0,6830146,,162059
2025-01-09,ID,Indonesia,WPR,5.0,6830151,,162059
2025-01-10,ID,Indonesia,WPR,2.0,6830153,,162059
2025-01-11,ID,Indonesia,WPR,6.0,6830159,,162059
2025-01-12,ID,Indonesia,WPR,,6830159,,162059
2025-01-13,ID,Indonesia,WPR,,6830159,,162059
2025-01-14,ID,Indonesia,WPR,,6830159,,162059
2025-01-15,ID,Indonesia,WPR,,6830159,,162059
2025-01-16,ID,Indonesia,WPR,,6830159,,162059
2025-01-17,ID,Indonesia,WPR,,6830159,,162059
2025-01-18,ID,Indonesia,WPR,,6830159,,162059
2025-01-19,ID,Indonesia,WPR,,6830159,,162059
2025-01-20,ID,Indonesia,WPR,,6830159,,162059
2025-01-21,ID,Indonesia,WPR,,6830159,,162059
2025-01-22,ID,Indonesia,WPR,,6830159,,162059
2025-01-23,ID,Indonesia,WPR,,6830159,,162059
2025-01-24,ID,Indonesia,WPR,,6830159,,162059
2025-01-25,ID,Indonesia,WPR,31.0,6830190,,162059
2025-01-26,ID,Indonesia,WPR,,6830190,,162059
2025-01-27,ID,Indonesia,WPR,1.0,6830191,,162059
2025-01-28,ID,Indonesia,WPR,,6830191,,162059
2025-01-29,ID,Indonesia,WPR,1.0,6830192,,162059
2025-01-30,ID,Indonesia,WPR,4.0,6830196,,162059
2025-01-31,ID,Indonesia,WPR,4.0,6830200,,162059
2025-02-01,ID,Indonesia,WPR,,6830200,,162059
2025-02-02,ID,Indonesia,WPR,,6830200,,162059
2025-02-03,ID,Indonesia,WPR,,6830200,,162059
2025-02-04,ID,Indonesia,WPR,,6830200,,162059
2025-02-05,ID,Indonesia,WPR,,6830200,,162059
2025-02-06,ID,Indonesia,WPR,,6830200,,162059
2025-02-07,ID,Indonesia,WPR,,6830200,,162059
2025-02-08,ID,Indonesia,WPR,,6830200,,162059
2025-02-09,ID,Indonesia,WPR,,6830200,,162059
2025-02-10,ID,Indonesia,WPR,,6830200,,162059
2025-02-11,ID,Indonesia,WPR,,6830200,,162059
2025-02-12,ID,Indonesia,WPR,,6830200,,162059
2025-02-13,ID,Indonesia,WPR,,6830200,,162059
2025-02-14,ID,Indonesia,WPR,,6830200,,162059
2025-02-15,ID,Indonesia,WPR,,6830200,,162059
2025-02-16,ID,Indonesia,WPR,12.0,6830212,,162059
2025-02-17,ID,Indonesia,WPR,,6830212,,162059
2025-02-18,ID,Indonesia,WPR,2.0,6830214,,162059
2025-02-19,ID,Indonesia,WPR,1.0,6830215,,162059
2025-02-20,ID,Indonesia,WPR,2.0,6830217,,162059
2025-02-21,ID,Indonesia,WPR,1.0,6830218,,162059
2025-02-22,ID,Indonesia,WPR,,6830218,,162059
2025-02-23,ID,Indonesia,WPR,,6830218,,162059
2025-02-24,ID,Indonesia,WPR,2.0,6830220,,162059
2025-02-25,ID,Indonesia,WPR,,6830220,,162059
2025-02-26,ID,Indonesia,WPR,1.0,6830221,,162059
2025-02-27,ID,Indonesia,WPR,,6830221,,162059
2025-02-28,ID,Indonesia,WPR,,6830221,,162059
2025-03-01,ID,Indonesia,WPR,,6830221,,162059
2025-03-02,ID,Indonesia,WPR,,6830221,,162059
2025-03-03,ID,Indonesia,WPR,,6830221,,162059
2025-03-04,ID,Indonesia,WPR,,6830221,,162059
2025-03-05,ID,Indonesia,WPR,1.0,6830222,,162059
2025-03-06,ID,Indonesia,WPR,,6830222,,162059
2025-03-07,ID,Indonesia,WPR,2.0,6830224,,162059
2025-03-08,ID,Indonesia,WPR,2.0,6830226,,162059
2025-03-09,ID,Indonesia,WPR,,6830226,,162059
2025-03-10,ID,Indonesia,WPR,,6830226,,162059
2025-03-11,ID,Indonesia,WPR,,6830226,,162059
2025-03-12,ID,Indonesia,WPR,,6830226,,162059
2025-03-13,ID,Indonesia,WPR,,6830226,,162059
2025-03-14,ID,Indonesia,WPR,,6830226,,162059
2025-03-15,ID,Indonesia,WPR,1.0,6830227,,162059
2025-03-16,ID,Indonesia,WPR,,6830227,,162059
2025-03-17,ID,Indonesia,WPR,,6830227,,162059
2025-03-18,ID,Indonesia,WPR,,6830227,,162059
2025-03-19,ID,Indonesia,WPR,,6830227,,162059
2025-03-20,ID,Indonesia,WPR,,6830227,,162059
2025-03-21,ID,Indonesia,WPR,,6830227,,162059
2025-03-22,ID,Indonesia,WPR,,6830227,,162059
2025-03-23,ID,Indonesia,WPR,,6830227,,162059
2025-03-24,ID,Indonesia,WPR,,6830227,,162059
2025-03-25,ID,Indonesia,WPR,,6830227,,162059
2025-03-26,ID,Indonesia,WPR,1.0,6830228,,162059
2025-03-27,ID,Indonesia,WPR,,6830228,,162059
2025-03-28,ID,Indonesia,WPR,,6830228,,162059
2025-03-29,ID,Indonesia,WPR,,6830228,,162059
2025-03-30,ID,Indonesia,WPR,,6830228,,162059
2025-03-31,ID,Indonesia,WPR,1.0,6830229,,162059
2025-04-01,ID,Indonesia,WPR,,6830229,,162059
2025-04-02,ID,Indonesia,WPR,,6830229,,162059
2025-04-03,ID,Indonesia,WPR,,6830229,,162059
2025-04-04,ID,Indonesia,WPR,2.0,6830231,,162059
2025-04-05,ID,Indonesia,WPR,1.0,6830232,,162059
2025-04-06,ID,Indonesia,WPR,,6830232,,162059
2025-04-07,ID,Indonesia,WPR,,6830232,,162059
2025-04-08,ID,Indonesia,WPR,,6830232,,162059
2025-04-09,ID,Indonesia,WPR,,6830232,,162059
2025-04-10,ID,Indonesia,WPR,,6830232,,162059
2025-04-11,ID,Indonesia,WPR,,6830232,,162059
2025-04-12,ID,Indonesia,WPR,2.0,6830234,,162059
2025-04-13,ID,Indonesia,WPR,,6830234,,162059
2025-04-14,ID,Indonesia,WPR,,6830234,,162059
2025-04-15,ID,Indonesia,WPR,,6830234,,162059
2025-04-16,ID,Indonesia,WPR,,6830234,,162059
2025-04-17,ID,Indonesia,WPR,,6830234,,162059
2025-04-18,ID,Indonesia,WPR,,6830234,,162059
2025-04-19,ID,Indonesia,WPR,,6830234,,162059
2025-04-20,ID,Indonesia,WPR,1.0,6830235,,162059
2025-04-21,ID,Indonesia,WPR,,6830235,,162059
2025-04-22,ID,Indonesia,WPR,,6830235,,162059
2025-04-23,ID,Indonesia,WPR,,6830235,,162059
2025-04-24,ID,Indonesia,WPR,5.0,6830240,,162059
2025-04-25,ID,Indonesia,WPR,2.0,6830242,,162059
2025-04-26,ID,Indonesia,WPR,1.0,6830243,,162059
2025-04-27,ID,Indonesia,WPR,,6830243,,162059
2025-04-28,ID,Indonesia,WPR,,6830243,,162059
2025-04-29,ID,Indonesia,WPR,1.0,6830244,,162059
2025-04-30,ID,Indonesia,WPR,,6830244,,162059
2025-05-01,ID,Indonesia,WPR,8.0,6830252,,162059
2025-05-02,ID,Indonesia,WPR,,6830252,,162059
2025-05-03,ID,Indonesia,WPR,4.0,6830256,,162059
2025-05-04,ID,Indonesia,WPR,,6830256,,162059
2025-05-05,ID,Indonesia,WPR,,6830256,,162059
2025-05-06,ID,Indonesia,WPR,5.0,6830261,,162059
2025-05-07,ID,Indonesia,WPR,7.0,6830268,,162059
2025-05-08,ID,Indonesia,WPR,,6830268,,162059
2025-05-09,ID,Indonesia,WPR,1.0,6830269,,162059
2025-05-10,ID,Indonesia,WPR,,6830269,,162059
2025-05-11,ID,Indonesia,WPR,,6830269,,162059
2025-05-12,ID,Indonesia,WPR,,6830269,,162059
2025-05-13,ID,Indonesia,WPR,1.0,6830270,,162059
2025-05-14,ID,Indonesia,WPR,,6830270,,162059
2025-05-15,ID,Indonesia,WPR,,6830270,,162059
2025-05-16,ID,Indonesia,WPR,,6830270,,162059
2025-05-17,ID,Indonesia,WPR,1.0,6830271,,162059
2025-05-18,ID,Indonesia,WPR,,6830271,,162059
2025-05-19,ID,Indonesia,WPR,,6830271,,162059
2025-05-20,ID,Indonesia,WPR,,6830271,,162059
2025-05-21,ID,Indonesia,WPR,2.0,6830273,,162059
2025-05-22,ID,Indonesia,WPR,,6830273,,162059
2025-05-23,ID,Indonesia,WPR,,6830273,,162059
2025-05-24,ID,Indonesia,WPR,1.0,6830274,,162059
2025-05-25,ID,Indonesia,WPR,,6830274,,162059
2025-05-26,ID,Indonesia,WPR,,6830274,,162059
2025-05-27,ID,Indonesia,WPR,,6830274,,162059
2025-05-28,ID,Indonesia,WPR,,6830274,,162059
2025-05-29,ID,Indonesia,WPR,,6830274,,162059
2025-05-30,ID,Indonesia,WPR,,6830274,,162059
2025-05-31,ID,Indonesia,WPR,,6830274,,162059
2025-06-01,ID,Indonesia,WPR,,6830274,,162059
2025-06-02,ID,Indonesia,WPR,,6830274,,162059
2025-06-03,ID,Indonesia,WPR,,6830274,,162059
2025-06-04,ID,Indonesia,WPR,,6830274,,162059
2025-06-05,ID,Indonesia,WPR,,6830274,,162059
2025-06-06,ID,Indonesia,WPR,,6830274,,162059
2025-06-07,ID,Indonesia,WPR,,6830274,,162059
2025-06-08,ID,Indonesia,WPR,,6830274,,162059
2025-06-09,ID,Indonesia,WPR,,6830274,,162059
2025-06-10,ID,Indonesia,WPR,,6830274,,162059
2025-06-11,ID,Indonesia,WPR,,6830274,,162059
2025-06-12,ID,Indonesia,WPR,,6830274,,162059
2025-06-13,ID,Indonesia,WPR,,6830274,,162059
2025-06-14,ID,Indonesia,WPR,,6830274,,162059
2025-06-15,ID,Indonesia,WPR,,6830274,,162059
2025-06-16,ID,Indonesia,WPR,,6830274,,162059
2025-06-17,ID,Indonesia,WPR,,6830274,,162059
2025-06-18,ID,Indonesia,WPR,,6830274,,162059
2025-06-19,ID,Indonesia,WPR,,6830274,,162059
2025-06-20,ID,Indonesia,WPR,,6830274,,162059
2025-06-21,ID,Indonesia,WPR,,6830274,,162059
2025-06-22,ID,Indonesia,WPR,,6830274,,162059
2025-06-23,ID,Indonesia,WPR,,6830274,,162059
2025-06-24,ID,Indonesia,WPR,,6830274,,162059
2025-06-25,ID,Indonesia,WPR,,6830274,,162059
2025-06-26,ID,Indonesia,WPR,,6830274,,162059
2025-06-27,ID,Indonesia,WPR,,6830274,,162059
2025-06-28,ID,Indonesia,WPR,,6830274,,162059
2025-06-29,ID,Indonesia,WPR,,6830274,,162059
2025-06-30,ID,Indonesia,WPR,,6830274,,162059
2025-07-01,ID,Indonesia,WPR,,6830274,,162059
2025-07-02,ID,Indonesia,WPR,,6830274,,162059
2025-07-03,ID,Indonesia,WPR,,6830274,,162059
2025-07-04,ID,Indonesia,WPR,,6830274,,162059
2025-07-05,ID,Indonesia,WPR,,6830274,,162059
2025-07-06,ID,Indonesia,WPR,,6830274,,162059
2025-07-07,ID,Indonesia,WPR,,6830274,,162059
2025-07-08,ID,Indonesia,WPR,,6830274,,162059
2025-07-09,ID,Indonesia,WPR,,6830274,,162059
2025-07-10,ID,Indonesia,WPR,,6830274,,162059
2025-07-11,ID,Indonesia,WPR,,6830274,,162059
2025-07-12,ID,Indonesia,WPR,,6830274,,162059
2025-07-13,ID,Indonesia,WPR,,6830274,,162059
2025-07-14,ID,Indonesia,WPR,,6830274,,162059
2025-07-15,ID,Indonesia,WPR,,6830274,,162059
2025-07-16,ID,Indonesia,WPR,,6830274,,162059
2025-07-17,ID,Indonesia,WPR,,6830274,,162059
2025-07-18,ID,Indonesia,WPR,,6830274,,162059
2025-07-19,ID,Indonesia,WPR,,6830274,,162059
2025-07-20,ID,Indonesia,WPR,,6830274,,162059
2025-07-21,ID,Indonesia,WPR,,6830274,,162059
2025-07-22,ID,Indonesia,WPR,,6830274,,162059
2025-07-23,ID,Indonesia,WPR,,6830274,,162059
2025-07-24,ID,Indonesia,WPR,,6830274,,162059
2025-07-25,ID,Indonesia,WPR,,6830274,,162059
2025-07-26,ID,Indonesia,WPR,,6830274,,162059
2025-07-27,ID,Indonesia,WPR,,6830274,,162059
2025-07-28,ID,Indonesia,WPR,,6830274,,162059
2025-07-29,ID,Indonesia,WPR,,6830274,,162059
2025-07-30,ID,Indonesia,WPR,,6830274,,162059
2025-07-31,ID,Indonesia,WPR,,6830274,,162059
2025-08-01,ID,Indonesia,WPR,,6830274,,162059
2025-08-02,ID,Indonesia,WPR,,6830274,,162059
2025-08-03,ID,Indonesia,WPR,,6830274,,162059
2025-08-04,ID,Indonesia,WPR,,6830274,,162059
2025-08-05,ID,Indonesia,WPR,,6830274,,162059
2025-08-06,ID,Indonesia,WPR,,6830274,,162059
2025-08-07,ID,Indonesia,WPR,,6830274,,162059
2025-08-08,ID,Indonesia,WPR,,6830274,,162059
2025-08-09,ID,Indonesia,WPR,,6830274,,162059
2025-08-10,ID,Indonesia,WPR,,6830274,,162059
2025-08-11,ID,Indonesia,WPR,,6830274,,162059
2025-08-12,ID,Indonesia,WPR,,6830274,,162059
2025-08-13,ID,Indonesia,WPR,,6830274,,162059
2025-08-14,ID,Indonesia,WPR,,6830274,,162059
2025-08-15,ID,Indonesia,WPR,,6830274,,162059
2025-08-16,ID,Indonesia,WPR,,6830274,,162059
2025-08-17,ID,Indonesia,WPR,,6830274,,162059
2025-08-18,ID,Indonesia,WPR,,6830274,,162059
2025-08-19,ID,Indonesia,WPR,,6830274,,162059
2025-08-20,ID,Indonesia,WPR,,6830274,,162059
2025-08-21,ID,Indonesia,WPR,,6830274,,162059
2025-08-22,ID,Indonesia,WPR,,6830274,,162059
2025-08-23,ID,Indonesia,WPR,,6830274,,162059
2025-08-24,ID,Indonesia,WPR,,6830274,,162059
2025-08-25,ID,Indonesia,WPR,,6830274,,162059
2025-08-26,ID,Indonesia,WPR,,6830274,,162059
2025-08-27,ID,Indonesia,WPR,,6830274,,162059
2025-08-28,ID,Indonesia,WPR,,6830274,,162059
2025-08-29,ID,Indonesia,WPR,,6830274,,162059
2025-08-30,ID,Indonesia,WPR,,6830274,,162059
2025-08-31,ID,Indonesia,WPR,,6830274,,162059
2025-09-01,ID,Indonesia,WPR,,6830274,,162059
2025-09-02,ID,Indonesia,WPR,,6830274,,162059
2025-09-03,ID,Indonesia,WPR,,6830274,,162059
2025-09-04,ID,Indonesia,WPR,,6830274,,162059
2025-09-05,ID,Indonesia,WPR,,6830274,,162059
2025-09-06,ID,Indonesia,WPR,,6830274,,162059
2025-09-07,ID,Indonesia,WPR,,6830274,,162059
2025-09-08,ID,Indonesia,WPR,,6830274,,162059
2025-09-09,ID,Indonesia,WPR,,6830274,,162059
2025-09-10,ID,Indonesia,WPR,,6830274,,162059
2025-09-11,ID,Indonesia,WPR,,6830274,,162059
2025-09-12,ID,Indonesia,WPR,,6830274,,162059
2025-09-13,ID,Indonesia,WPR,,6830274,,162059
2025-09-14,ID,Indonesia,WPR,,6830274,,162059
2025-09-15,ID,Indonesia,WPR,,6830274,,162059
2025-09-16,ID,Indonesia,WPR,,6830274,,162059
2025-09-17,ID,Indonesia,WPR,,6830274,,162059
2025-09-18,ID,Indonesia,WPR,,6830274,,162059
2025-09-19,ID,Indonesia,WPR,,6830274,,162059
2025-09-20,ID,Indonesia,WPR,,6830274,,162059
2025-09-21,ID,Indonesia,WPR,,6830274,,162059
2025-09-22,ID,Indonesia,WPR,,6830274,,162059
2025-09-23,ID,Indonesia,WPR,,6830274,,162059
2025-09-24,ID,Indonesia,WPR,,6830274,,162059
2025-09-25,ID,Indonesia,WPR,,6830274,,162059
2025-09-26,ID,Indonesia,WPR,,6830274,,162059
2025-09-27,ID,Indonesia,WPR,,6830274,,162059
2025-09-28,ID,Indonesia,WPR,,6830274,,162059
2025-09-29,ID,Indonesia,WPR,,6830274,,162059
2025-09-30,ID,Indonesia,WPR,,6830274,,162059
2025-10-01,ID,Indonesia,WPR,,6830274,,162059
2025-10-02,ID,Indonesia,WPR,,6830274,,162059
2025-10-03,ID,Indonesia,WPR,,6830274,,162059
2025-10-04,ID,Indonesia,WPR,,6830274,,162059
2025-10-05,ID,Indonesia,WPR,,6830274,,162059
2025-10-06,ID,Indonesia,WPR,,6830274,,162059
2025-10-07,ID,Indonesia,WPR,,6830274,,162059
2025-10-08,ID,Indonesia,WPR,,6830274,,162059
2025-10-09,ID,Indonesia,WPR,,6830274,,162059
2025-10-10,ID,Indonesia,WPR,,6830274,,162059
2025-10-11,ID,Indonesia,WPR,,6830274,,162059
2025-10-12,ID,Indonesia,WPR,,6830274,,162059
2025-10-13,ID,Indonesia,WPR,,6830274,,162059
2025-10-14,ID,Indonesia,WPR,,6830274,,162059
2025-10-15,ID,Indonesia,WPR,,6830274,,162059
2025-10-16,ID,Indonesia,WPR,,6830274,,162059
2025-10-17,ID,Indonesia,WPR,,6830274,,162059
2025-10-18,ID,Indonesia,WPR,,6830274,,162059
2025-10-19,ID,Indonesia,WPR,,6830274,,162059
2025-10-20,ID,Indonesia,WPR,,6830274,,162059
2025-10-21,ID,Indonesia,WPR,,6830274,,162059
2025-10-22,ID,Indonesia,WPR,,6830274,,162059
2025-10-23,ID,Indonesia,WPR,,6830274,,162059
2025-10-24,ID,Indonesia,WPR,,6830274,,162059
2025-10-25,ID,Indonesia,WPR,,6830274,,162059
2025-10-26,ID,Indonesia,WPR,,6830274,,162059
2025-10-27,ID,Indonesia,WPR,,6830274,,162059
2025-10-28,ID,Indonesia,WPR,,6830274,,162059
2025-10-29,ID,Indonesia,WPR,,6830274,,162059
2025-10-30,ID,Indonesia,WPR,,6830274,,162059
2025-10-31,ID,Indonesia,WPR,,6830274,,162059
2025-11-01,ID,Indonesia,WPR,,6830274,,162059
2025-11-02,ID,Indonesia,WPR,,6830274,,162059
2025-11-03,ID,Indonesia,WPR,,6830274,,162059
2025-11-04,ID,Indonesia,WPR,,6830274,,162059
2025-11-05,ID,Indonesia,WPR,,6830274,,162059
2025-11-06,ID,Indonesia,WPR,,6830274,,162059
2025-11-07,ID,Indonesia,WPR,,6830274,,162059
2025-11-08,ID,Indonesia,WPR,,6830274,,162059
2025-11-09,ID,Indonesia,WPR,,6830274,,162059
2025-11-10,ID,Indonesia,WPR,,6830274,,162059
2025-11-11,ID,Indonesia,WPR,,6830274,,162059
2025-11-12,ID,Indonesia,WPR,,6830274,,162059
2025-11-13,ID,Indonesia,WPR,,6830274,,162059
2025-11-14,ID,Indonesia,WPR,,6830274,,162059
2025-11-15,ID,Indonesia,WPR,,6830274,,162059
2025-11-16,ID,Indonesia,WPR,,6830274,,162059
2025-11-17,ID,Indonesia,WPR,,6830274,,162059
2025-11-18,ID,Indonesia,WPR,,6830274,,162059
2025-11-19,ID,Indonesia,WPR,,6830274,,162059
2025-11-20,ID,Indonesia,WPR,,6830274,,162059
2025-11-21,ID,Indonesia,WPR,,6830274,,162059
2025-11-22,ID,Indonesia,WPR,,6830274,,162059
2025-11-23,ID,Indonesia,WPR,,6830274,,162059
2025-11-24,ID,Indonesia,WPR,,6830274,,162059
2025-11-25,ID,Indonesia,WPR,,6830274,,162059
2025-11-26,ID,Indonesia,WPR,,6830274,,162059
2025-11-27,ID,Indonesia,WPR,,6830274,,162059
2025-11-28,ID,Indonesia,WPR,,6830274,,162059
2025-11-29,ID,Indonesia,WPR,,6830274,,162059
2025-11-30,ID,Indonesia,WPR,,6830274,,162059
2025-12-01,ID,Indonesia,WPR,,6830274,,162059
2025-12-02,ID,Indonesia,WPR,,6830274,,162059
2025-12-03,ID,Indonesia,WPR,,6830274,,162059
2025-12-04,ID,Indonesia,WPR,,6830274,,162059
2025-12-05,ID,Indonesia,WPR,,6830274,,162059
2025-12-06,ID,Indonesia,WPR,,6830274,,162059
2025-12-07,ID,Indonesia,WPR,,6830274,,162059
2025-12-08,ID,Indonesia,WPR,,6830274,,162059
2025-12-09,ID,Indonesia,WPR,,6830274,,162059
2025-12-10,ID,Indonesia,WPR,,6830274,,162059
2025-12-11,ID,Indonesia,WPR,,6830274,,162059
2025-12-12,ID,Indonesia,WPR,,6830274,,162059
2025-12-13,ID,Indonesia,WPR,,6830274,,162059
2025-12-14,ID,Indonesia,WPR,,6830274,,162059
2025-12-15,ID,Indonesia,WPR,,6830274,,162059
2025-12-16,ID,Indonesia,WPR,,6830274,,162059
2025-12-17,ID,Indonesia,WPR,,6830274,,162059
2025-12-18,ID,Indonesia,WPR,,6830274,,162059
2025-12-19,ID,Indonesia,WPR,,6830274,,162059
2025-12-20,ID,Indonesia,WPR,,6830274,,162059
2025-12-21,ID,Indonesia,WPR,,6830274,,162059
2025-12-22,ID,Indonesia,WPR,,6830274,,162059
2025-12-23,ID,Indonesia,WPR,,6830274,,162059
2025-12-24,ID,Indonesia,WPR,,6830274,,162059
2025-12-25,ID,Indonesia,WPR,,6830274,,162059
2025-12-26,ID,Indonesia,WPR,,6830274,,162059
2025-12-27,ID,Indonesia,WPR,,6830274,,162059
2025-12-28,ID,Indonesia,WPR,,6830274,,162059
2025-12-29,ID,Indonesia,WPR,,6830274,,162059
2025-12-30,ID,Indonesia,WPR,,6830274,,162059
2025-12-31,ID,Indonesia,WPR,,6830274,,162059
2026-01-01,ID,Indonesia,WPR,,6830274,,162059
2026-01-02,ID,Indonesia,WPR,,6830274,,162059
2026-01-03,ID,Indonesia,WPR,,6830274,,162059
2026-01-04,ID,Indonesia,WPR,,6830274,,162059
2026-01-05,ID,Indonesia,WPR,,6830274,,162059
2026-01-06,ID,Indonesia,WPR,,6830274,,162059
2026-01-07,ID,Indonesia,WPR,,6830274,,162059
2026-01-08,ID,Indonesia,WPR,,6830274,,162059
2026-01-09,ID,Indonesia,WPR,,6830274,,162059
2026-01-10,ID,Indonesia,WPR,,6830274,,162059
2026-01-11,ID,Indonesia,WPR,,6830274,,162059
2026-01-12,ID,Indonesia,WPR,,6830274,,162059
2026-01-13,ID,Indonesia,WPR,,6830274,,162059
2026-01-14,ID,Indonesia,WPR,,6830274,,162059
2026-01-15,ID,Indonesia,WPR,,6830274,,162059
2026-01-16,ID,Indonesia,WPR,,6830274,,162059
2026-01-17,ID,Indonesia,WPR,,6830274,,162059
2026-01-18,ID,Indonesia,WPR,,6830274,,162059
2026-01-19,ID,Indonesia,WPR,,6830274,,162059
2026-01-20,ID,Indonesia,WPR,,6830274,,162059
2026-01-21,ID,Indonesia,WPR,,6830274,,162059
2026-01-22,ID,Indonesia,WPR,,6830274,,162059
2026-01-23,ID,Indonesia,WPR,,6830274,,162059
2026-01-24,ID,Indonesia,WPR,,6830274,,162059
2026-01-25,ID,Indonesia,WPR,,6830274,,162059
2026-01-26,ID,Indonesia,WPR,,6830274,,162059
2026-01-27,ID,Indonesia,WPR,,6830274,,162059
2026-01-28,ID,Indonesia,WPR,,6830274,,162059
2026-01-29,ID,Indonesia,WPR,,6830274,,162059
2026-01-30,ID,Indonesia,WPR,,6830274,,162059
2026-01-31,ID,Indonesia,WPR,,6830274,,162059
2026-02-01,ID,Indonesia,WPR,,6830274,,162059
2026-02-02,ID,Indonesia,WPR,,6830274,,162059
2026-02-03,ID,Indonesia,WPR,,6830274,,162059
2026-02-04,ID,Indonesia,WPR,,6830274,,162059
2026-02-05,ID,Indonesia,WPR,,6830274,,162059
2026-02-06,ID,Indonesia,WPR,,6830274,,162059
2026-02-07,ID,Indonesia,WPR,,6830274,,162059
2026-02-08,ID,Indonesia,WPR,,6830274,,162059
2026-02-09,ID,Indonesia,WPR,,6830274,,162059
2026-02-10,ID,Indonesia,WPR,,6830274,,162059
2026-02-11,ID,Indonesia,WPR,,6830274,,162059
2026-02-12,ID,Indonesia,WPR,,6830274,,162059
2026-02-13,ID,Indonesia,WPR,,6830274,,162059
2026-02-14,ID,Indonesia,WPR,,6830274,,162059
2026-02-15,ID,Indonesia,WPR,,6830274,,162059
2026-02-16,ID,Indonesia,WPR,,6830274,,162059
2026-02-17,ID,Indonesia,WPR,,6830274,,162059
2026-02-18,ID,Indonesia,WPR,,6830274,,162059
2026-02-19,ID,Indonesia,WPR,,6830274,,162059
2026-02-20,ID,Indonesia,WPR,,6830274,,162059
2026-02-21,ID,Indonesia,WPR,,6830274,,162059
2026-02-22,ID,Indonesia,WPR,,6830274,,162059
2026-02-23,ID,Indonesia,WPR,,6830274,,162059
2026-02-24,ID,Indonesia,WPR,,6830274,,162059
2026-02-25,ID,Indonesia,WPR,,6830274,,162059
2026-02-26,ID,Indonesia,WPR,,6830274,,162059
2026-02-27,ID,Indonesia,WPR,,6830274,,162059
2026-02-28,ID,Indonesia,WPR,,6830274,,162059
2026-03-01,ID,Indonesia,WPR,,6830274,,162059
2026-03-02,ID,Indonesia,WPR,,6830274,,162059
2026-03-03,ID,Indonesia,WPR,,6830274,,162059
2026-03-04,ID,Indonesia,WPR,,6830274,,162059
2026-03-05,ID,Indonesia,WPR,,6830274,,162059
2026-03-06,ID,Indonesia,WPR,,6830274,,162059
2026-03-07,ID,Indonesia,WPR,,6830274,,162059
2026-03-08,ID,Indonesia,WPR,,6830274,,162059
2026-03-09,ID,Indonesia,WPR,,6830274,,162059
2026-03-10,ID,Indonesia,WPR,,6830274,,162059
2026-03-11,ID,Indonesia,WPR,,6830274,,162059
2026-03-12,ID,Indonesia,WPR,,6830274,,162059
2026-03-13,ID,Indonesia,WPR,,6830274,,162059
2026-03-14,ID,Indonesia,WPR,,6830274,,162059
2026-03-15,ID,Indonesia,WPR,,6830274,,162059
2026-03-16,ID,Indonesia,WPR,,6830274,,162059
2026-03-17,ID,Indonesia,WPR,,6830274,,162059
2026-03-18,ID,Indonesia,WPR,,6830274,,162059
2026-03-19,ID,Indonesia,WPR,,6830274,,162059
2026-03-20,ID,Indonesia,WPR,,6830274,,162059
2026-03-21,ID,Indonesia,WPR,,6830274,,162059
2026-03-22,ID,Indonesia,WPR,,6830274,,162059
2026-03-23,ID,Indonesia,WPR,,6830274,,162059
2026-03-24,ID,Indonesia,WPR,,6830274,,162059
2026-03-25,ID,Indonesia,WPR,,6830274,,162059
2026-03-26,ID,Indonesia,WPR,,6830274,,162059
2026-03-27,ID,Indonesia,WPR,,6830274,,162059
2026-03-28,ID,Indonesia,WPR,,6830274,,162059
2026-03-29,ID,Indonesia,WPR,,6830274,,162059
2026-03-30,ID,Indonesia,WPR,,6830274,,162059
2026-03-31,ID,Indonesia,WPR,,6830274,,162059
2026-04-01,ID,Indonesia,WPR,,6830274,,162059
2026-04-02,ID,Indonesia,WPR,,6830274,,162059
2026-04-03,ID,Indonesia,WPR,,6830274,,162059
2026-04-04,ID,Indonesia,WPR,,6830274,,162059
2026-04-05,ID,Indonesia,WPR,,6830274,,162059
2026-04-06,ID,Indonesia,WPR,,6830274,,162059
2026-04-07,ID,Indonesia,WPR,,6830274,,162059
2026-04-08,ID,Indonesia,WPR,,6830274,,162059
2026-04-09,ID,Indonesia,WPR,,6830274,,162059
2026-04-10,ID,Indonesia,WPR,,6830274,,162059
2026-04-11,ID,Indonesia,WPR,,6830274,,162059
2026-04-12,ID,Indonesia,WPR,,6830274,,162059
2026-04-13,ID,Indonesia,WPR,,6830274,,162059
2026-04-14,ID,Indonesia,WPR,,6830274,,162059
2026-04-15,ID,Indonesia,WPR,,6830274,,162059
2026-04-16,ID,Indonesia,WPR,,6830274,,162059
2026-04-17,ID,Indonesia,WPR,,6830274,,162059
2026-04-18,ID,Indonesia,WPR,,6830274,,162059
2026-04-19,ID,Indonesia,WPR,,6830274,,162059
2026-04-20,ID,Indonesia,WPR,,6830274,,162059
2026-04-21,ID,Indonesia,WPR,,6830274,,162059
2026-04-22,ID,Indonesia,WPR,,6830274,,162059
2026-04-23,ID,Indonesia,WPR,,6830274,,162059
2026-04-24,ID,Indonesia,WPR,,6830274,,162059
2026-04-25,ID,Indonesia,WPR,,6830274,,162059
2026-04-26,ID,Indonesia,WPR,,6830274,,162059
2026-04-27,ID,Indonesia,WPR,,6830274,,162059
2026-04-28,ID,Indonesia,WPR,,6830274,,162059
2026-04-29,ID,Indonesia,WPR,,6830274,,162059
2026-04-30,ID,Indonesia,WPR,,6830274,,162059
2026-05-01,ID,Indonesia,WPR,,6830274,,162059
2026-05-02,ID,Indonesia,WPR,,6830274,,162059
2026-05-03,ID,Indonesia,WPR,,6830274,,162059
2026-05-04,ID,Indonesia,WPR,,6830274,,162059
2026-05-05,ID,Indonesia,WPR,,6830274,,162059
2026-05-06,ID,Indonesia,WPR,,6830274,,162059
2026-05-07,ID,Indonesia,WPR,,6830274,,162059
2026-05-08,ID,Indonesia,WPR,,6830274,,162059
2026-05-09,ID,Indonesia,WPR,,6830274,,162059
2026-05-10,ID,Indonesia,WPR,,6830274,,162059
2026-05-11,ID,Indonesia,WPR,,6830274,,162059
2026-05-12,ID,Indonesia,WPR,,6830274,,162059
2026-05-13,ID,Indonesia,WPR,,6830274,,162059
2026-05-14,ID,Indonesia,WPR,,6830274,,162059
2026-05-15,ID,Indonesia,WPR,,6830274,,162059
2026-05-16,ID,Indonesia,WPR,,6830274,,162059
2026-05-17,ID,Indonesia,WPR,,6830274,,162059
2026-05-18,ID,Indonesia,WPR,,6830274,,162059
2026-05-19,ID,Indonesia,WPR,,6830274,,162059
2026-05-20,ID,Indonesia,WPR,,6830274,,162059
2026-05-21,ID,Indonesia,WPR,,6830274,,162059
2026-05-22,ID,Indonesia,WPR,,6830274,,162059
2026-05-23,ID,Indonesia,WPR,,6830274,,162059
2026-05-24,ID,Indonesia,WPR,,6830274,,162059
2026-05-25,ID,Indonesia,WPR,,6830274,,162059
2026-05-26,ID,Indonesia,WPR,,6830274,,162059
2026-05-27,ID,Indonesia,WPR,,6830274,,162059
2026-05-28,ID,Indonesia,WPR,,6830274,,162059
2026-05-29,ID,Indonesia,WPR,,6830274,,162059
2026-05-30,ID,Indonesia,WPR,,6830274,,162059
2026-05-31,ID,Indonesia,WPR,,6830274,,162059
2026-06-01,ID,Indonesia,WPR,,6830274,,162059
2026-06-02,ID,Indonesia,WPR,,6830274,,162059
2026-06-03,ID,Indonesia,WPR,,6830274,,162059
2026-06-04,ID,Indonesia,WPR,,6830274,,162059
2026-06-05,ID,Indonesia,WPR,,6830274,,162059
2026-06-06,ID,Indonesia,WPR,,6830274,,162059
2026-06-07,ID,Indonesia,WPR,,6830274,,162059
2026-06-08,ID,Indonesia,WPR,,6830274,,162059
2026-06-09,ID,Indonesia,WPR,,6830274,,162059
2026-06-10,ID,Indonesia,WPR,,6830274,,162059
2026-06-11,ID,Indonesia,WPR,,6830274,,162059
2026-06-12,ID,Indonesia,WPR,,6830274,,162059
2026-06-13,ID,Indonesia,WPR,,6830274,,162059
2026-06-14,ID,Indonesia,WPR,,6830274,,162059
2026-06-15,ID,Indonesia,WPR,,6830274,,162059
2026-06-16,ID,Indonesia,WPR,,6830274,,162059
2026-06-17,ID,Indonesia,WPR,,6830274,,162059
2026-06-18,ID,Indonesia,WPR,,6830274,,162059
2026-06-19,ID,Indonesia,WPR,,6830274,,162059
2026-06-20,ID,Indonesia,WPR,,6830274,,162059
2026-06-21,ID,Indonesia,WPR,,6830274,,162059
2026-06-22,ID,Indonesia,WPR,,6830274,,162059
2026-06-23,ID,Indonesia,WPR,,6830274,,162059
2026-06-24,ID,Indonesia,WPR,,6830274,,162059
2026-06-25,ID,Indonesia,WPR,,6830274,,162059
2026-06-26,ID,Indonesia,WPR,,6830274,,162059
2026-06-27,ID,Indonesia,WPR,,6830274,,162059
2026-06-28,ID,Indonesia,WPR,,6830274,,162059
2026-06-29,ID,Indonesia,WPR,,6830274,,162059
2026-06-30,ID,Indonesia,WPR,,6830274,,162059
2026-07-01,ID,Indonesia,WPR,,6830274,,162059
2026-07-02,ID,Indonesia,WPR,,6830274,,162059
2026-07-03,ID,Indonesia,WPR,,6830274,,162059
2026-07-04,ID,Indonesia,WPR,,6830274,,162059
2026-07-05,ID,Indonesia,WPR,,6830274,,162059
2026-07-06,ID,Indonesia,WPR,,6830274,,162059
2026-07-07,ID,Indonesia,WPR,,6830274,,162059
2026-07-08,ID,Indonesia,WPR,,6830274,,162059
2026-07-09,ID,Indonesia,WPR,,6830274,,162059
2026-07-10,ID,Indonesia,WPR,,6830274,,162059
2026-07-11,ID,Indonesia,WPR,,6830274,,162059
2026-07-12,ID,Indonesia,WPR,,6830274,,162059
2026-07-13,ID,Indonesia,WPR,,6830274,,162059
2026-07-14,ID,Indonesia,WPR,,6830274,,162059
2026-07-15,ID,Indonesia,WPR,,6830274,,162059
2026-07-16,ID,Indonesia,WPR,,6830274,,162059
2026-07-17,ID,Indonesia,WPR,,6830274,,162059
2026-07-18,ID,Indonesia,WPR,,6830274,,162059
2026-07-19,ID,Indonesia,WPR,,6830274,,162059
2026-07-20,ID,Indonesia,WPR,,6830274,,162059
2026-07-21,ID,Indonesia,WPR,,6830274,,162059
2026-07-22,ID,Indonesia,WPR,,6830274,,162059
2026-07-23,ID,Indonesia,WPR,,6830274,,162059
2026-07-24,ID,Indonesia,WPR,,6830274,,162059
2026-07-25,ID,Indonesia,WPR,,6830274,,162059
2026-07-26,ID,Indonesia,WPR,,6830274,,162059
2026-07-27,ID,Indonesia,WPR,,6830274,,162059
2026-07-28,ID,Indonesia,WPR,,6830274,,162059
2026-07-29,ID,Indonesia,WPR,,6830274,,162059
2026-07-30,ID,Indonesia,WPR,,6830274,,162059
2026-07-31,ID,Indonesia,WPR,,6830274,,162059
2026-08-01,ID,Indonesia,WPR,,6830274,,162059
2026-08-02,ID,Indonesia,WPR,,6830274,,162059
2026-08-03,ID,Indonesia,WPR,,6830274,,162059
2026-08-04,ID,Indonesia,WPR,,6830274,,162059
2026-08-05,ID,Indonesia,WPR,,6830274,,162059
2026-08-06,ID,Indonesia,WPR,,6830274,,162059
2026-08-07,ID,Indonesia,WPR,,6830274,,162059
2026-08-08,ID,Indonesia,WPR,,6830274,,162059
2026-08-09,ID,Indonesia,WPR,,6830274,,162059
2026-08-10,ID,Indonesia,WPR,,6830274,,162059
2026-08-11,ID,Indonesia,WPR,,6830274,,162059
2026-08-12,ID,Indonesia,WPR,,6830274,,162059
2026-08-13,ID,Indonesia,WPR,,6830274,,162059
2026-08-14,ID,Indonesia,WPR,,6830274,,162059
2026-08-15,ID,Indonesia,WPR,,6830274,,162059
2026-08-16,ID,Indonesia,WPR,,6830274,,162059
2026-08-17,ID,Indonesia,WPR,,6830274,,162059
2026-08-18,ID,Indonesia,WPR,,6830274,,162059
2026-08-19,ID,Indonesia,WPR,,6830274,,162059
2026-08-20,ID,Indonesia,WPR,,6830274,,162059
2026-08-21,ID,Indonesia,WPR,,6830274,,162059
2026-08-22,ID,Indonesia,WPR,,6830274,,162059
2026-08-23,ID,Indonesia,WPR,,6830274,,162059
2026-08-24,ID,Indonesia,WPR,,6830274,,162059
2026-08-25,ID,Indonesia,WPR,,6830274,,162059
2026-08-26,ID,Indonesia,WPR,,6830274,,162059
2026-08-27,ID,Indonesia,WPR,,6830274,,162059
2026-08-28,ID,Indonesia,WPR,,6830274,,162059
2026-08-29,ID,Indonesia,WPR,,6830274,,162059
2026-08-30,ID,Indonesia,WPR,,6830274,,162059
